barcode,ann,subcluster
AAACCCATCGAGTCCG,DCT_1,TAL_2.4
AAACGCTAGGTCCCTG,TAL_2,TAL_2.0
AAAGAACAGGATCACG,TAL_2,TAL_2.0
AAAGGGCCAGAGTGAC,TAL_2,TAL_2.0
AAAGGGCGTGTGTGGA,TAL_2,TAL_2.0
AAAGGTAAGTACAACA,PT_4,PT_4.0
AAAGGTACAAACCATC,TAL_2,TAL_2.0
AAAGGTAGTATCGCAT,vSMC/Fib,PT_4.0
AAAGTCCGTTTAAGGA,TAL_2,TAL_2.0
AAATGGACAGGAGGAG,TAL_2,TAL_2.0
AACAAGAAGCGACTAG,PT_4,PT_4.0
AACACACAGCAGCCTC,PT_4,PT_4.0
AACACACTCGGAGCAA,PT_4,PT_4.0
AACAGGGAGCACTTTG,TAL_2,TAL_2.0
AACAGGGAGGTCGCCT,Mac,Mac
AACCAACTCCGTCAAA,TAL_2,TAL_2.0
AACCACATCTGTGCTC,DCT_1,PT_2.3
AACCATGGTCCTATAG,PT_4,PT_4.0
AACCCAAAGTAGAATC,TAL_2,TAL_2.0
AACCCAATCGGCTCTT,TAL_2,TAL_2.0
AACCTGATCCGAGAAG,TAL_2,TAL_2.0
AACCTGATCTGTTCAT,PT_4,PT_4.0
AACCTTTTCGTTCCCA,TAL_2,TAL_2.0
AACGAAACACACCGAC,TAL_2,TAL_2.0
AACGGGACAACATACC,TAL_2,TAL_2.0
AACGGGACAGAGGAAA,PT_4,PT_4.0
AACGGGAGTGCTTCAA,TAL_2,TAL_2.0
AACGTCACACACCGCA,TAL_2,TAL_2.0
AACGTCACATATGCGT,TAL_2,TAL_2.0
AACGTCATCTGACAGT,PT_4,PT_4.0
AAGAACAAGGAAAGGT,PT_2,PT_2.3
AAGAACAAGTCGTTAC,TAL_2,TAL_2.4
AAGAACAGTGAGGCAT,TAL_2,TAL_2.0
AAGACAATCCTAACAG,PT_2,TAL_2.0
AAGACAATCGTGCTCT,DCT_1,DCT_1.1
AAGACTCAGCGTGAGT,PT_4,PT_4.3
AAGATAGCAGCTGTCG,TAL_2,TAL_2.0
AAGATAGGTAGCTTAC,PT_4,PT_4.0
AAGCATCTCGACCACG,TAL_2,TAL_2.0
AAGCCATAGAGAGAAC,TAL_2,TAL_2.0
AAGCCATCATTACTCT,TAL_2,TAL_2.0
AAGCCATTCGGTTGTA,TAL_2,TAL_2.0
AAGGAATGTACAAGCG,TAL_2,TAL_2.0
AAGTACCAGACCTCCG,TAL_2,TAL_2.0
AAGTCGTGTAACTTCG,PT_4,PT_4.0
AAGTGAACAGCAGAAC,TAL_2,TAL_2.0
AAGTTCGAGTCTCTGA,TAL_2,TAL_2.0
AAGTTCGCAGGTGACA,PT_4,PT_4.0
AAGTTCGTCGCCATAA,PT_4,PT_4.3
AATAGAGCAAGAGATT,TAL_2,TAL_2.0
AATAGAGGTAAGGCTG,TAL_2,TAL_2.0
AATAGAGGTGTCTTGA,TAL_2,TAL_2.0
AATAGAGTCCCGTAAA,TAL_2,TAL_2.0
AATCGACAGCTGGCTC,TAL_2,TAL_2.0
AATCGACCACAAATGA,PT_4,PT_4.0
AATCGACCATAAGATG,PT_4,PT_4.0
AATCGACTCGTTCTAT,TAL_2,TAL_2.0
AATCGTGAGACACACG,TAL_2,TAL_2.0
AATCGTGAGCAGATAT,TAL_2,TAL_2.0
AATCGTGAGTACCGGA,TAL_2,TAL_2.0
AATCGTGTCTTGGATG,TAL_2,TAL_2.0
AATGAAGAGGGCCCTT,PT_4,PT_4.0
AATGAAGGTCGCTGCA,PT_4,PT_4.2
AATGAAGGTGATGTAA,TAL_2,PT_4.0
AATGACCGTCGATTAC,PT_4,PT_4.3
AATGCCATCACCTACC,TAL_2,DCT_1.1
AATGGAATCCGGCAAC,TAL_2,TAL_2.0
AATGGCTCAACACAGG,TAL_2,TAL_2.0
AATGGCTCAGGGAATC,TAL_2,TAL_2.0
AATTCCTGTTGTCTAG,TAL_2,TAL_2.0
ACAAAGACACCAGTTA,TAL_2,TAL_2.0
ACAACCAAGAAACACT,TAL_2,TAL_2.0
ACAACCATCCGAGGCT,PT_4,PT_4.3
ACAAGCTAGCTTCTAG,TAL_2,TAL_2.0
ACACCAAAGGATAATC,TAL_2,TAL_2.0
ACACCAACAGATCCTA,TAL_2,TAL_2.0
ACACGCGAGTCGAGGT,TAL_2,DCT_1.1
ACACTGAGTAACCCTA,PT_4,PT_4.0
ACAGCCGCAATGGCAG,PT_2,PT_2.3
ACAGGGAAGAACCCGA,PT_4,PT_4.0
ACAGGGACAAATTGGA,TAL_2,TAL_2.0
ACAGGGACATAGATCC,DCT_1,DCT_1.1
ACAGGGATCAAGCCGC,TAL_2,TAL_2.0
ACAGGGATCGGTCACG,PT_4,PT_4.0
ACATCCCAGCGTGTCC,TAL_2,TAL_2.0
ACATCCCAGTCTACCA,TAL_2,TAL_2.0
ACATGCAAGGTGCAGT,PT_4,PT_4.0
ACATGCAGTAGAGTTA,TAL_2,TAL_2.0
ACATGCAGTTTACTGG,PT_4,PT_4.0
ACATTTCAGAACTTCC,TAL_2,TAL_2.0
ACATTTCAGATGTAGT,TAL_2,TAL_2.0
ACATTTCGTCTTGGTA,TAL_2,TAL_2.0
ACATTTCTCACCGACG,TAL_2,TAL_2.0
ACCAACACAGGAACCA,PT_4,PT_4.0
ACCCAAAAGCTACGTT,TAL_2,DCT_1.1
ACCCAAACATGTGACT,PT_4,PT_4.0
ACCCAAAGTCAACATC,TAL_2,TAL_2.0
ACCCTCACAGCTATTG,TAL_2,TAL_2.0
ACCCTCACAGTAGAGC,DCT_1,DCT_1.1
ACCGTTCGTGCGTTTA,PT_4,PT_4.0
ACCTACCTCCAGGACC,TAL_2,TAL_2.0
ACCTGAAAGGAGTCTG,TAL_2,TAL_2.1
ACCTGAAAGGATAATC,TAL_2,TAL_2.0
ACCTGAAGTATGGGAC,TAL_2,TAL_2.0
ACGATCAAGCCAAGCA,TAL_2,TAL_2.0
ACGATCACATGGCCAC,TAL_2,TAL_2.1
ACGATCAGTTGTGTTG,TAL_2,TAL_2.0
ACGATGTAGCGTACAG,PT_4,PT_4.0
ACGATGTAGGGAGATA,TAL_2,TAL_2.1
ACGGAAGTCAAACGAA,TAL_2,TAL_2.0
ACGGGTCCATGTTCAG,PT_2,PT_2.3
ACGGTTAAGCTACTGT,TAL_2,TAL_2.0
ACGGTTAGTCTTTATC,TAL_2,TAL_2.0
ACGTAACAGTGTAGAT,TAL_2,TAL_2.0
ACGTAACGTCAAAGCG,PT_4,PT_4.2
ACGTAGTTCACATACG,TAL_2,TAL_2.0
ACGTCCTGTAATGATG,PT_4,PT_4.0
ACTACGACATCATTTC,PT_4,PT_4.0
ACTACGACATTCCTCG,TAL_2,TAL_2.0
ACTACGATCACTTCTA,PT_2,TAL_2.2
ACTATGGGTGAGCGAT,TAL_2,TAL_2.4
ACTATTCCAGACCTGC,TAL_2,TAL_2.0
ACTATTCGTTGTTGTG,TAL_2,TAL_2.0
ACTCCCATCGACGTCG,TAL_2,TAL_2.0
ACTCCCATCTTCCGTG,PT_4,PT_4.0
ACTCTCGAGATCGACG,PT_4,PT_4.0
ACTCTCGCACGCTGCA,PT_4,PT_4.0
ACTCTCGTCTCGTCAC,TAL_2,TAL_2.0
ACTGCAAAGGTATCTC,TAL_2,TAL_2.0
ACTGTCCCACAGGATG,TAL_2,TAL_2.0
ACTGTCCGTCCATAGT,PT_4,PT_4.0
ACTGTGAAGAAACTAC,TAL_2,TAL_2.0
ACTGTGATCGACGCTG,TAL_2,TAL_2.0
ACTTAGGCACCGTCGA,TAL_2,TAL_2.0
ACTTAGGGTGGTCTTA,TAL_2,TAL_2.0
ACTTAGGTCGTGCTCT,PT_4,PT_4.0
ACTTATCAGATAGGGA,TAL_2,TAL_2.0
ACTTATCAGTCCGCCA,TAL_2,TAL_2.0
ACTTATCCAATCCTAG,TAL_2,TAL_2.0
ACTTATCTCTCGCGTT,TAL_2,TAL_2.0
ACTTCCGGTTCGCGTG,EC,EC
ACTTCCGTCCGTAATG,TAL_2,TAL_2.0
ACTTCGCAGACTTAAG,TAL_2,TAL_2.0
ACTTCGCGTCTACGAT,TAL_2,TAL_2.0
ACTTTCAAGTATGGCG,PT_4,PT_4.0
ACTTTCATCCTTACCG,TAL_2,TAL_2.0
ACTTTGTCAATACGCT,TAL_2,TAL_2.0
ACTTTGTGTCATGGCC,TAL_2,TAL_2.0
ACTTTGTTCCGTATAG,PT_4,PT_4.0
AGAAATGCAGATTAAG,TAL_2,TAL_2.0
AGAACAACAGCCCAGT,PT_4,PT_4.0
AGAAGCGGTTAGGAGC,PT_4,PT_4.0
AGAAGTACAAACTCTG,DCT_1,DCT_1.1
AGACAAAAGACTGTTC,PT_4,PT_4.0
AGACAAAAGGTAGCCA,DCT_1,PT_2.3
AGACAAACACCCTAGG,TAL_2,TAL_2.0
AGACAAATCCTTGACC,TAL_2,TAL_2.0
AGACAAATCTATGTGG,PT_4,PT_4.0
AGACAAATCTCATGCC,TAL_2,TAL_2.0
AGACAGGAGAAGTCAT,TAL_2,TAL_2.0
AGACAGGAGTACAACA,TAL_2,TAL_2.0
AGACAGGTCATCTATC,TAL_2,TAL_2.2
AGACCCGCACAAGTTC,TAL_2,TAL_2.0
AGACCCGTCCCTATTA,PT_4,PT_4.0
AGACTCAGTGTGTGGA,TAL_2,TAL_2.0
AGAGAATAGCACCGTC,PT_4,PT_4.0
AGAGAATAGTGATGGC,TAL_2,TAL_2.0
AGAGAATTCTCGGGAC,TAL_2,TAL_2.0
AGAGAATTCTTAGGAC,TAL_2,TAL_2.0
AGAGAGCAGACCAACG,EC,EC
AGAGAGCGTCATAAAG,PT_4,PT_4.0
AGAGAGCTCTATTCGT,TAL_2,TAL_2.0
AGAGCAGAGACCGCCT,TAL_2,TAL_2.0
AGAGCAGCAAGTGGAC,TAL_2,TAL_2.0
AGAGCAGTCCAAACCA,TAL_2,TAL_2.1
AGAGCCCTCCGAAGGA,TAL_2,TAL_2.0
AGATAGAGTGCACGCT,TAL_2,TAL_2.0
AGATCCAGTAGAGACC,TAL_2,TAL_2.0
AGATCCATCCTTCGAC,TAL_2,TAL_2.0
AGATCGTAGGCATTTC,PT_4,PT_4.0
AGATGAAGTTCGGTCG,TAL_2,TAL_2.0
AGATGCTCATCCCACT,DCT_1,DCT_1.0
AGATGCTGTGTTTACG,PT_4,PT_4.2
AGATGCTTCAGACTGT,TAL_2,TAL_2.0
AGCATCAAGCCTCTCT,TAL_2,TAL_2.0
AGCGATTTCTGGTCAA,TAL_2,TAL_2.1
AGCGCCAAGCTGTTAC,TAL_2,TAL_2.0
AGCGCCAGTAGTCGGA,TAL_2,TAL_2.0
AGCGTATAGATACCAA,PT_4,PT_4.0
AGCGTCGAGGTACTGG,PT_4,PT_4.0
AGCGTCGCAATGAAAC,TAL_2,TAL_2.0
AGCGTCGGTCTACAGT,TAL_2,TAL_2.0
AGCTTCCGTTTCCAAG,PT_4,PT_4.0
AGGAAATAGCCACCGT,TAL_2,TAL_2.0
AGGAAATGTTAGAAAC,TAL_2,TAL_2.0
AGGAATAAGCTCCACG,TAL_2,TAL_2.0
AGGAATAGTACAAAGT,PT_4,PT_4.0
AGGAATAGTTCAAAGA,PT_4,PT_4.0
AGGAATAGTTCTATCT,TAL_2,TAL_2.0
AGGACGAAGAAGCGAA,TAL_2,TAL_2.0
AGGACGATCACCTCAC,TAL_2,TAL_2.0
AGGACGATCTAGACCA,PT_4,PT_4.0
AGGACTTAGTTGGAAT,PT_4,PT_4.0
AGGACTTCAGTGAGCA,TAL_2,TAL_2.0
AGGAGGTGTCACCACG,PT_4,PT_4.0
AGGATAAAGCTGGTGA,TAL_2,TAL_2.0
AGGATAATCTCTATAC,TAL_2,TAL_2.0
AGGATCTCAATAACCC,TAL_2,TAL_2.0
AGGATCTGTATCTTCT,TAL_2,TAL_2.0
AGGCATTTCCGAAGGA,TAL_2,TAL_2.0
AGGCATTTCGTTCAGA,PT_2,PT_2.3
AGGCCACCAATTGCCA,TAL_2,TAL_2.0
AGGCCACCAGTAGGAC,PT_4,PT_4.0
AGGCTGCAGCAGGTCA,TAL_2,TAL_2.0
AGGCTGCCACCCTTGT,PT_2,PT_2.3
AGGCTGCGTTGTGTTG,PT_2,PT_2.3
AGGGCCTAGAGGTTAT,PT_4,PT_4.0
AGGGCTCGTGTATACC,DCT_1,DCT_1.1
AGGGCTCTCCCGAGAC,TAL_2,TAL_2.0
AGGGTTTAGATGACCG,TAL_2,TAL_2.0
AGGGTTTCATGACGGA,TAL_2,TAL_2.0
AGGGTTTTCGTACACA,TAL_2,TAL_2.0
AGGTAGGTCGCCTATC,TAL_2,TAL_2.0
AGGTCATGTTGGAGGT,TAL_2,TAL_2.0
AGGTGTTCAGTCTTCC,TAL_2,TAL_2.0
AGGTGTTGTGGTCTCG,TAL_2,TAL_2.0
AGGTGTTTCACAGAGG,TAL_2,TAL_2.0
AGGTTACCAAGAGCTG,PT_4,PT_4.0
AGGTTACCAATGAACA,TAL_2,TAL_2.0
AGGTTACCATAGAAAC,TAL_2,TAL_2.0
AGGTTGTAGTTGCCCG,PT_2,PT_2.3
AGGTTGTGTACGATCT,TAL_2,TAL_2.0
AGTACTGAGTCTCGTA,PT_4,PT_4.3
AGTACTGAGTTCCAGT,TAL_2,TAL_2.0
AGTACTGCATATGAAG,TAL_2,TAL_2.0
AGTACTGTCGGCATAT,TAL_2,TAL_1.1
AGTAGCTAGCACTCGC,TAL_2,TAL_2.0
AGTAGCTAGGGAGGCA,TAL_2,TAL_2.0
AGTAGCTAGTCCGCGT,PT_4,PT_4.0
AGTAGCTTCTCACGAA,TAL_2,TAL_2.0
AGTAGTCCACTCTGCT,TAL_2,TAL_2.0
AGTAGTCGTATTGGCT,PT_2,PT_2.3
AGTAGTCTCGGTCAGC,TAL_2,TAL_2.0
AGTCAACCAATCGCAT,PT_4,PT_4.0
AGTCAACGTATGTCAC,TAL_2,TAL_2.0
AGTCAACTCCCGAACG,TAL_2,TAL_2.0
AGTCACACATAATGAG,TAL_2,TAL_2.0
AGTCACACATGGAAGC,TAL_2,TAL_2.0
AGTCATGAGAAACACT,TAL_2,TAL_2.0
AGTCATGAGTTGTCAC,PT_4,PT_4.0
AGTCATGGTGGACAGT,TAL_2,TAL_2.0
AGTCTCCCACCACTGG,TAL_2,TAL_2.0
AGTCTCCTCTAGATCG,TAL_2,TAL_2.0
AGTGACTGTAGTCGTT,TAL_2,TAL_2.0
AGTGATCGTTTGGGAG,TAL_2,TAL_2.0
AGTGCCGAGCTCGTGC,TAL_2,TAL_2.0
AGTGCCGAGGATACCG,TAL_2,TAL_2.0
AGTGCCGAGTTGCCTA,PT_4,PT_4.3
AGTGCCGTCGCCAGAC,TAL_2,TAL_2.0
AGTGTTGGTCGAACGA,TAL_2,TAL_2.0
AGTTAGCAGTTGGAAT,TAL_2,TAL_2.0
ATACCGAAGAGAGCAA,TAL_2,TAL_2.0
ATACCGAAGCGTTAGG,PT_2,PT_2.3
ATACCTTCATCCTTCG,TAL_2,TAL_2.0
ATACTTCGTAGCGTAG,TAL_2,TAL_2.0
ATACTTCTCATTCACT,TAL_2,TAL_2.2
ATAGACCAGCAATTCC,PT_4,PT_4.0
ATAGACCAGCGTGTCC,TAL_2,TAL_2.0
ATAGAGAAGCTCACTA,TAL_2,TAL_2.0
ATAGAGACACTGGCGT,PT_4,PT_4.0
ATAGAGAGTTGGTAGG,TAL_2,TAL_2.0
ATATCCTGTTACGTAC,PT_4,PT_4.0
ATCACAGGTAGTCGGA,TAL_2,TAL_2.0
ATCAGGTAGGACCCAA,PT_4,PT_4.0
ATCAGGTTCGGTCGGT,TAL_2,TAL_2.0
ATCAGGTTCTCTCAAT,TAL_2,TAL_2.0
ATCATTCTCCGCTGTT,TAL_2,TAL_2.0
ATCATTCTCGAAGCCC,TAL_2,TAL_2.0
ATCATTCTCTCATGGA,TAL_2,TAL_2.0
ATCCACCTCCCATACC,PT_4,PT_4.0
ATCCATTGTATTCCTT,TAL_2,TAL_2.0
ATCCCTGAGAATACAC,PT_4,PT_4.0
ATCCGTCGTCGTCTCT,PT_2,PT_2.3
ATCGATGCAATTGCTG,PT_4,PT_4.0
ATCGCCTCAACTAGAA,TAL_2,TAL_2.1
ATCGGATAGTAGGATT,PT_4,PT_4.0
ATCGGATGTTAGTCGT,TAL_2,TAL_2.0
ATCGGCGCAGATCCTA,PT_4,PT_4.0
ATCGGCGGTCTCGCGA,TAL_2,TAL_2.0
ATCGGCGTCATTTGGG,PT_4,PT_4.0
ATCGTAGTCTCCGCAT,PT_4,PT_4.0
ATCGTCCGTAATCAGA,TAL_2,TAL_2.0
ATCGTGAAGCACCAGA,PT_4,PT_4.0
ATCGTGACATATACCG,PT_4,PT_4.3
ATCGTGAGTGCCTGCA,TAL_2,TAL_2.0
ATCTTCAAGTTGGGAC,TAL_2,TAL_2.0
ATGAAAGAGATGCTTC,TAL_2,TAL_2.0
ATGAAAGTCGTGGGAA,TAL_2,TAL_2.0
ATGACCAAGGATATAC,TAL_2,TAL_2.0
ATGATCGTCCGAGCTG,TAL_2,TAL_2.0
ATGCATGTCCAGTGTA,PT_4,PT_4.3
ATGCCTCCAATCGCGC,TAL_2,TAL_2.0
ATGCGATCAACTCGAT,TAL_2,TAL_2.0
ATGCGATTCTTCCAGC,TAL_2,TAL_2.0
ATGGAGGAGCATTGTC,TAL_2,TAL_2.0
ATGGAGGAGGGCTTCC,PT_4,PT_4.3
ATGGAGGCAAACGAGC,PT_4,DCT_1.0
ATGGAGGTCGTCCTTG,TAL_2,TAL_2.0
ATGGATCCACTGCGTG,PT_2,PT_2.3
ATGGATCCAGCGTTTA,DCT_1,DCT_1.1
ATGGGAGAGGTTCCAT,TAL_2,TAL_2.0
ATGGGAGAGTAACAGT,TAL_2,TAL_2.0
ATGGTTGGTTCAAGGG,TAL_2,TAL_2.0
ATGTCCCCAAGTCCCG,TAL_2,TAL_2.0
ATTACCTCAGAGATGC,TAL_2,TAL_2.0
ATTACCTGTTTGTGGT,DCT_1,DCT_1.1
ATTACTCAGAAATTCG,PT_4,PT_4.0
ATTACTCAGCGTCTCG,TAL_2,TAL_2.0
ATTACTCAGTAGATCA,PT_2,PT_2.3
ATTACTCTCTTGGCTC,TAL_2,TAL_2.0
ATTCACTAGTGGAATT,TAL_2,TAL_2.0
ATTCACTCATCCGTTC,TAL_2,TAL_2.0
ATTCAGGAGCCACTCG,TAL_2,TAL_2.0
ATTCAGGAGTAACGAT,TAL_2,TAL_2.0
ATTCAGGCAGAAGCGT,PT_4,PT_4.2
ATTCATCAGCTTACGT,TAL_2,TAL_2.0
ATTCATCGTGACTGAG,PT_4,PT_4.0
ATTCATCTCCGGTAGC,TAL_2,TAL_2.0
ATTCCATAGTCCTGCG,TAL_2,TAL_2.0
ATTCCATTCATAGGCT,TAL_2,TAL_2.0
ATTCCTAAGCGGTAAC,PT_4,PT_4.0
ATTCCTACACGATAGG,TAL_2,TAL_2.0
ATTCGTTTCTAGCCTC,PT_4,PT_4.0
ATTCTACAGGGATCGT,TAL_2,TAL_2.0
ATTGTTCAGCTTTCCC,TAL_2,TAL_2.0
ATTGTTCGTGCACGCT,PT_2,PT_2.3
ATTTACCAGATTACCC,TAL_2,TAL_2.0
ATTTACCCATGACGTT,PT_4,PT_4.0
ATTTACCGTACAGAGC,TAL_2,TAL_2.0
ATTTCACCATCCTGTC,TAL_2,TAL_2.0
ATTTCACGTTACCTGA,TAL_2,TAL_2.0
ATTTCACTCGTCCTTG,TAL_2,TAL_2.0
ATTTCTGCAAACTGCT,TAL_2,TAL_2.0
ATTTCTGCAGGAGGTT,PT_4,PT_4.0
CAAAGAAGTAGTGATA,TAL_2,TAL_2.0
CAAAGAATCATTCGGA,PT_4,PT_4.0
CAACAACCAAATGCTC,PT_4,PT_4.0
CAACCAACAGGTGAGT,DCT_1,DCT_1.2
CAACCTCGTTAAACAG,TAL_2,TAL_2.0
CAACGGCCAATCGCAT,TAL_2,TAL_2.0
CAACGGCTCTGCTAGA,TAL_2,TAL_2.0
CAAGACTGTGGATCGA,TAL_2,TAL_2.0
CAAGAGGCAGCACAGA,PT_4,PT_2.3
CAAGCTAAGACGTCCC,TAL_2,TAL_2.0
CAAGCTAAGTCAATCC,PT_4,PT_4.0
CAAGCTAGTTATGGTC,TAL_2,TAL_2.0
CAATCGAAGTCCCAGC,DCT_1,DCT_1.1
CAATGACCAGTCGCTG,TAL_2,TAL_2.0
CAATGACTCTAACGCA,TAL_2,TAL_2.0
CAATTTCAGATTGATG,PT_4,PT_4.0
CACAACAGTAATGCGG,PT_4,PT_4.0
CACACAAGTAGAAACT,TAL_2,TAL_2.0
CACAGATCATGTGGTT,TAL_2,TAL_2.0
CACAGATGTGGAACCA,TAL_2,TAL_2.0
CACAGGCGTACAAGCG,TAL_2,TAL_2.0
CACATGATCCATTGCC,PT_4,PT_4.0
CACCAAAAGGTTCTAC,TAL_2,TAL_2.0
CACGAATAGGAGAGGC,TAL_2,TAL_2.0
CACGAATAGGCTGAAC,TAL_2,TAL_2.0
CACGAATTCTGACGCG,TAL_2,TAL_2.0
CACGGGTTCGTTGTGA,TAL_2,TAL_2.0
CACGGGTTCTATTCGT,TAL_2,TAL_2.0
CACGTTCGTCTCAAGT,PT_4,PT_4.0
CACTAAGAGGCCGCTT,TAL_2,TAL_2.0
CACTGAAGTGATACAA,TAL_2,TAL_2.0
CACTGGGAGTTGAAGT,TAL_2,TAL_2.0
CACTGGGCATGGCCCA,TAL_2,TAL_2.0
CACTGGGGTGCTTATG,TAL_2,TAL_2.0
CACTGGGTCCGATGTA,TAL_2,TAL_2.0
CACTGGGTCGCCGATG,PT_4,PT_4.0
CACTGTCGTATACCTG,TAL_2,TAL_2.0
CAGAGCCAGCTCTATG,PT_4,PT_4.0
CAGAGCCCAATACCTG,TAL_2,TAL_2.0
CAGAGCCCAGCCATTA,PT_4,PT_4.0
CAGAGCCCAGTCAGTT,TAL_2,TAL_2.0
CAGATCAAGCCGATCC,PT_2,PT_2.3
CAGATTGAGACTAGAT,TAL_2,TAL_2.0
CAGATTGGTCCACTTC,TAL_2,TAL_2.0
CAGATTGTCGCCAGAC,PT_4,PT_4.0
CAGCACGAGAGGTTAT,TAL_2,TAL_2.1
CAGCAGCAGCACCGTC,PT_4,PT_4.0
CAGCAGCAGTGCACTT,TAL_2,TAL_2.0
CAGCCAGTCTCGCGTT,TAL_2,TAL_2.0
CAGCGTGAGCTAGAAT,TAL_2,TAL_2.0
CAGCGTGTCCTCTGCA,TAL_2,TAL_2.0
CAGGCCAAGATAGTGT,PT_2,PT_2.3
CAGGCCATCTTCACAT,TAL_2,TAL_2.0
CAGGGCTGTATATGGA,PT_2,PT_2.3
CAGGGCTGTCTTCTAT,TAL_2,TAL_2.0
CAGGGCTGTGGTCCCA,PT_4,PT_4.0
CAGTTAGAGAAACTGT,TAL_2,TAL_2.0
CAGTTAGAGCCTCATA,TAL_2,TAL_2.0
CAGTTCCGTTCGGCTG,PT_4,PT_4.0
CAGTTCCGTTTGATCG,TAL_2,TAL_2.0
CATAAGCGTAGTCTTG,PT_4,PT_4.0
CATAAGCTCTCATGGA,TAL_2,PT_4.0
CATACAGAGCTATCCA,TAL_2,TAL_2.0
CATACCCAGGTCACAG,TAL_2,TAL_2.0
CATACTTAGTTAGTAG,TAL_2,TAL_2.0
CATACTTTCAGAATAG,PT_2,PT_4.2
CATAGACGTGCTTATG,TAL_2,TAL_2.0
CATCAAGAGTCCGTCG,TAL_2,TAL_2.0
CATCAAGCAGTAACGG,TAL_2,TAL_2.0
CATCCACTCCCAGGCA,PT_4,PT_4.0
CATCCGTAGGAAGTGA,PT_4,PT_4.0
CATCCGTCACGTCGGT,PT_4,PT_4.0
CATCGCTCAACTGGTT,TAL_2,TAL_2.0
CATCGCTCACGCCAGT,DCT_1,DCT_1.0
CATCGCTGTACAATAG,TAL_2,TAL_2.0
CATCGCTTCAACTCTT,TAL_2,TAL_2.0
CATCGGGAGTGGCCTC,TAL_2,TAL_2.0
CATCGGGGTGGGACAT,PT_4,PT_4.0
CATCGTCAGATGCGAC,PT_2,PT_2.3
CATCGTCAGATTGATG,TAL_2,TAL_2.0
CATCGTCAGGTGCCAA,TAL_2,TAL_2.0
CATCGTCGTCACGTGC,PT_4,PT_4.0
CATGAGTGTACTGAGG,DCT_1,DCT_1.0
CATGAGTTCGAACGGA,PT_4,PT_4.0
CATGCAAGTAGGAAAG,TAL_2,TAL_2.4
CATGCCTGTTGTATGC,TAL_2,TAL_2.0
CATGCCTTCACCCTGT,TAL_2,TAL_2.0
CATGCGGGTATATGGA,PT_4,PT_4.0
CATGCGGTCAGTGTTG,TAL_2,TAL_2.0
CATGCGGTCGCAGTCG,TAL_2,TAL_2.0
CATGCTCCAACCGTAT,EC,EC
CATGCTCTCGATACTG,TAL_2,TAL_2.0
CATGGATCACGACAAG,PT_4,PT_4.0
CATTCATAGATGACAT,PT_4,PT_4.0
CATTCATCATGACAGG,TAL_2,TAL_2.4
CATTCATGTGCTAGCC,TAL_2,TAL_2.0
CATTCATTCATTGCCC,TAL_2,TAL_2.0
CATTCATTCTAGCAAC,TAL_2,TAL_2.0
CATTCCGAGCATCAGG,TAL_2,TAL_2.0
CATTCCGCATCCAATG,TAL_2,TAL_2.0
CATTCTAGTACAGTTC,TAL_2,TAL_2.0
CATTCTAGTACCGGAA,PT_4,PT_4.0
CATTCTAGTCAAGTTC,TAL_2,TAL_2.0
CATTCTAGTGCCAAGA,PT_4,PT_4.0
CATTCTATCTCCTGAC,PT_4,PT_4.0
CATTGCCAGTTCATCG,PT_4,PT_4.0
CATTGCCGTACAATAG,PT_4,PT_4.0
CATTGCCGTTCTCTCG,PT_4,PT_4.0
CATTGCCTCTTGCAAG,TAL_2,TAL_2.0
CATTGTTGTATTCCTT,TAL_2,TAL_2.0
CATTTCAAGGAAGAAC,TAL_2,TAL_2.0
CATTTCATCGAAACAA,TAL_2,TAL_2.0
CCAATGAGTTTCTATC,TAL_2,TAL_2.0
CCACAAAAGGGTCAAC,TAL_2,TAL_2.0
CCACACTAGAGAGTGA,TAL_2,TAL_2.0
CCACACTCAAAGCTCT,TAL_2,TAL_2.2
CCACACTGTACTAACC,PT_4,PT_4.3
CCACCATAGCTCACTA,TAL_2,TAL_2.0
CCACCATAGTATGCAA,TAL_2,TAL_2.0
CCACCATTCACCGGTG,PT_4,PT_4.0
CCACCATTCATTACCT,TAL_2,TAL_2.0
CCACGAGCAAGCGAAC,TAL_2,TAL_2.0
CCACGAGCAGGTTCCG,TAL_2,TAL_2.0
CCACGAGGTGATACTC,TAL_2,TAL_2.0
CCACGAGTCGAGAGAC,TAL_2,TAL_2.0
CCACGTTTCTCGTGGG,TAL_2,DCT_1.2
CCACGTTTCTTAATCC,TAL_2,TAL_2.0
CCACTTGGTTACGGAG,PT_4,PT_4.0
CCATAAGAGAGTAACT,TAL_2,TAL_2.0
CCATAAGCACAAGCCC,TAL_2,TAL_2.0
CCCATTGAGGATATGT,TAL_2,TAL_2.0
CCCATTGCACAGTATC,TAL_2,TAL_2.0
CCCGGAACAAGTGCTT,TAL_2,TAL_2.0
CCCGGAACAGGGTCTC,PT_4,PT_4.0
CCCGGAACATGGGATG,TAL_2,TAL_2.0
CCCTAACGTCACCCTT,TAL_2,TAL_2.0
CCCTCAATCATAGACC,PT_4,PT_4.0
CCCTCTCAGGGTAGCT,TAL_2,TAL_2.0
CCCTCTCCAACTGCTA,TAL_2,TAL_2.1
CCCTCTCCACGCTATA,TAL_2,TAL_2.0
CCCTCTCGTAGTCGTT,TAL_2,TAL_2.0
CCCTGATCAAGAGGTC,TAL_2,TAL_2.0
CCCTTAGGTGGGAGAG,PT_4,PT_4.0
CCGATCTAGCGACTGA,TAL_2,TAL_2.0
CCGATCTCATGCGGTC,TAL_2,TAL_2.0
CCGATGGCATTGTGCA,TAL_2,DCT_1.1
CCGATGGGTTCTCGCT,TAL_2,TAL_2.0
CCGATGGTCTCTGCTG,TAL_2,TAL_2.0
CCGCAAGAGCGGTAAC,TAL_2,TAL_2.0
CCGCAAGCAGACATCT,PT_4,PT_4.0
CCGCAAGGTAAGTTGA,DCT_1,PT_4.0
CCGGTAGCATCCTAAG,PT_4,PT_4.0
CCGGTGAAGAGAGAAC,TAL_2,TAL_2.0
CCGGTGAAGAGGTATT,TAL_2,TAL_2.0
CCGGTGAGTGATATAG,PT_4,PT_4.3
CCGGTGATCGTCTACC,TAL_2,TAL_2.0
CCGTAGGCAGCGGTTC,TAL_2,TAL_2.0
CCGTAGGGTGCAGGAT,TAL_2,TAL_2.0
CCGTTCAGTTTAAGGA,TAL_2,TAL_2.0
CCGTTCATCTCGCCTA,TAL_2,TAL_2.0
CCTAACCCAAGTTGGG,PT_4,PT_4.0
CCTAACCGTAAGATCA,PT_4,PT_4.0
CCTAAGAAGATCCCGC,TAL_2,TAL_2.0
CCTAAGATCCTCAGGG,PT_4,PT_4.0
CCTACGTAGTTGGAGC,PT_4,PT_4.3
CCTACGTCACAATGTC,PT_4,PT_4.0
CCTATCGCAAAGTGTA,PT_4,PT_4.0
CCTCAGTAGCGCACAA,DCT_1,PT_2.0
CCTCAGTCACTGCACG,PT_2,TAL_2.0
CCTCCTCTCAAATGCC,TAL_2,TAL_2.0
CCTCTAGAGACCAAGC,PT_4,PT_4.0
CCTCTCCAGTAGACCG,TAL_2,TAL_2.0
CCTCTCCGTGCCGTTG,TAL_2,TAL_2.3
CCTGTTGCAAAGGTTA,TAL_2,TAL_2.0
CCTGTTGGTTGCCTAA,TAL_2,TAL_2.0
CCTTGTGCACGTCGTG,EC,EC
CCTTGTGTCCACGAAT,TAL_2,TAL_2.0
CGAAGGAAGAGGTATT,TAL_2,TAL_2.0
CGAAGGAAGGGCAATC,TAL_2,DCT_1.1
CGAAGTTCATGCGTGC,TAL_2,TAL_2.0
CGAAGTTGTAAGGCTG,TAL_2,TAL_2.0
CGACAGCCATGATAGA,PT_4,PT_4.0
CGAGGAAGTGTGATGG,PT_4,PT_4.0
CGAGGAAGTGTGTCCG,TAL_2,TAL_2.0
CGAGGAAGTTTATGCG,PT_4,PT_4.0
CGAGGAATCGAAATCC,PT_2,PT_2.3
CGAGGCTGTCTAGATC,TAL_2,TAL_2.0
CGAGTTAAGCCTCTGG,PT_4,PT_4.0
CGAGTTAAGTGTGTTC,TAL_2,TAL_2.0
CGAGTTACACAGTCGC,TAL_2,TAL_2.0
CGAGTTAGTGACAGCA,TAL_2,TAL_1.4
CGAGTTATCGCGGACT,TAL_2,TAL_2.0
CGATCGGTCATTTGCT,TAL_2,TAL_2.0
CGATGCGGTGTCCACG,TAL_2,TAL_2.0
CGATGGCAGATCCCAT,TAL_2,TAL_2.0
CGATGGCGTCCATAGT,PT_4,PT_4.0
CGATGGCGTTATAGAG,TAL_2,TAL_2.0
CGATGGCTCCACAAGT,PT_4,PT_4.0
CGCAGGTCACTAGAGG,PT_4,PT_4.3
CGCAGGTGTGACTATC,PT_4,PT_4.0
CGCATAAAGTAGCCAG,TAL_2,TAL_2.0
CGCATAAGTATGCTTG,TAL_2,TAL_2.0
CGCATGGGTTATGACC,TAL_2,TAL_2.0
CGCCAGAAGAGGCGGA,TAL_2,TAL_2.0
CGCCAGAAGAGGGTGG,TAL_2,TAL_2.0
CGCCAGAGTGTGAATA,TAL_2,TAL_2.0
CGCCAGATCCTTATCA,TAL_2,TAL_2.0
CGCGTGACACGGATCC,TAL_2,TAL_2.2
CGCGTGACAGGCGAAT,TAL_2,TAL_2.0
CGCGTGAGTACCATAC,TAL_2,PT_4.3
CGGAACCGTATGGTAA,PT_4,PT_4.3
CGGAACCTCTAGACAC,TAL_2,TAL_2.0
CGGAATTCAGCAGTAG,TAL_2,TAL_2.0
CGGAATTGTTAATCGC,TAL_2,TAL_2.0
CGGAATTTCGTTCGCT,TAL_2,TAL_2.0
CGGACACTCCCATACC,TAL_2,TAL_2.0
CGGAGAACACAATGTC,TAL_2,TAL_2.0
CGGAGAACATGAAGGC,TAL_2,TAL_2.0
CGGCAGTGTAACAGTA,TAL_2,TAL_2.0
CGGCAGTTCGACCATA,PT_4,PT_4.0
CGGGCATAGTTAGTGA,TAL_2,TAL_2.0
CGGGCATCATACCGTA,TAL_2,TAL_2.0
CGGGCATTCAAACGTC,TAL_2,TAL_2.0
CGGGCATTCGTAGTCA,TAL_2,TAL_2.0
CGGGTCAAGTAACCTC,DCT_1,DCT_1.1
CGGGTCATCCGAGATT,TAL_2,TAL_2.0
CGGGTCATCCTAGAGT,TAL_2,TAL_2.0
CGGGTGTGTGTTCATG,TAL_2,TAL_2.0
CGGTCAGGTATCGTGT,TAL_2,TAL_2.0
CGTAAGTGTATTAAGG,PT_4,PT_4.0
CGTAATGAGCGACATG,PT_4,PT_4.0
CGTAATGGTATGAAAC,PT_4,DCT_1.1
CGTAGTACAAACACGG,PT_4,PT_2.3
CGTAGTACAATGTCAC,TAL_2,PT_2.3
CGTAGTACACCGTCTT,PT_4,PT_4.3
CGTAGTATCACTGGGC,TAL_2,TAL_2.0
CGTCAAAAGAGGGTAA,PT_4,PT_4.0
CGTCAAAGTCCACGCA,TAL_2,TAL_2.0
CGTCAAAGTCCGAAAG,PT_4,PT_4.3
CGTCCATAGATTGACA,PT_4,PT_4.0
CGTCCATGTGCTAGCC,PT_4,PT_4.3
CGTGAATCATCTTAGG,DCT_1,DCT_1.1
CGTGCTTCACTCTGCT,TAL_2,TAL_2.0
CGTGCTTGTGACAACG,TAL_2,TAL_2.0
CGTGCTTGTGGAAATT,TAL_2,TAL_2.0
CGTGCTTTCTAGAACC,PT_4,PT_4.0
CGTGTCTCAAATTGGA,PT_4,PT_4.0
CGTGTCTGTTGAGTCT,TAL_2,TAL_2.0
CGTTCTGCACATGAAA,TAL_2,TAL_2.0
CGTTCTGGTTAGGGTG,TAL_2,TAL_2.0
CGTTGGGAGGTCACCC,TAL_2,TAL_2.0
CGTTGGGTCACTACTT,PT_2,PT_2.3
CGTTGGGTCGCTTGCT,PT_4,PT_4.0
CTAACCCAGTGCAACG,TAL_2,TAL_2.0
CTAACCCCAGCTCGGT,TAL_2,TAL_2.0
CTAACCCTCCAAGGGA,TAL_2,TAL_2.2
CTACAGAAGCGTTCCG,TAL_2,TAL_2.0
CTACATTTCCCGAACG,TAL_2,TAL_2.0
CTACCCAAGAGGTCAC,PT_4,PT_4.0
CTACCCATCACTCTTA,TAL_2,TAL_2.0
CTACCTGCACGGGTAA,TAL_2,TAL_2.0
CTACCTGGTACCAGAG,TAL_2,TAL_2.0
CTACGGGAGTCGGCCT,TAL_2,TAL_2.0
CTACGGGGTTACGTAC,PT_4,PT_4.0
CTAGGTAGTCTACACA,TAL_2,TAL_2.4
CTAGGTATCACCGGTG,TAL_2,TAL_2.0
CTATAGGTCTCTAAGG,TAL_2,TAL_2.0
CTATCCGCATGACAGG,TAL_2,TAL_2.0
CTATCCGGTGACTCTA,TAL_2,TAL_2.0
CTATCCGTCGAGTGAG,TAL_2,TAL_2.0
CTATCTACAACGGGTA,TAL_2,TAL_2.4
CTCAACCAGATGACAT,PT_2,PT_2.3
CTCAACCCAATTCACG,PT_4,PT_4.0
CTCAAGAGTTCGGACC,TAL_2,TAL_2.4
CTCAAGATCGGCATAT,PT_2,PT_4.0
CTCAATTCACACCGAC,TAL_2,TAL_2.0
CTCACTGAGTGAATAC,TAL_2,TAL_2.0
CTCAGAACAGACCTAT,TAL_2,TAL_2.2
CTCAGTCAGTACCCTA,TAL_2,PT_4.0
CTCAGTCCACACACTA,TAL_2,TAL_2.0
CTCATCGAGGACAAGA,TAL_2,TAL_2.0
CTCATCGAGTAGGTTA,TAL_2,TAL_2.2
CTCATGCAGCCATTCA,TAL_2,TAL_2.0
CTCATGCAGTACTCGT,TAL_2,DCT_1.1
CTCATGCCAACCGATT,PT_4,PT_4.0
CTCCAACAGTGATTCC,PT_2,PT_2.3
CTCCAACTCACTGCTC,TAL_2,TAL_2.0
CTCCACACATGACAGG,TAL_2,TAL_2.0
CTCCACATCGAGCACC,TAL_2,TAL_2.0
CTCCATGGTAGCCCTG,PT_4,PT_4.0
CTCCATGTCACTTCTA,PT_4,PT_4.0
CTCCCAAGTTTCAGAC,TAL_2,TAL_2.0
CTCCCTCCACTGAATC,TAL_2,TAL_2.0
CTCCTCCAGAAGCCTG,TAL_2,TAL_2.0
CTCCTTTCACAGCTTA,TAL_2,TAL_2.0
CTCCTTTGTACTAACC,TAL_2,TAL_2.0
CTCGAGGCAGGAAGTC,PT_4,PT_4.0
CTCGAGGTCCTGGTCT,TAL_2,TAL_2.0
CTCTCAGCACGACGCT,PT_4,PT_4.0
CTCTCAGCAGCAAGAC,TAL_2,TAL_2.0
CTCTCAGGTACAATAG,TAL_2,TAL_2.0
CTCTCAGGTACGTTCA,TAL_2,TAL_2.0
CTCTCAGGTGCCGGTT,TAL_2,TAL_2.0
CTCTCGACAACCTATG,TAL_2,TAL_2.0
CTCTCGAGTGCAACGA,TAL_2,TAL_2.0
CTCTGGTCACCGGCTA,TAL_2,TAL_2.0
CTGAATGCATCTGCGG,PT_4,PT_4.0
CTGAGCGAGAAACACT,TAL_2,TAL_2.0
CTGAGCGCAAATGGAT,TAL_2,TAL_2.0
CTGAGCGCATGACAAA,TAL_2,PT_2.3
CTGAGGCTCCATTCAT,TAL_2,TAL_2.0
CTGCAGGCACGCAGTC,TAL_2,TAL_2.0
CTGCAGGCAGAATTCC,TAL_2,TAL_2.0
CTGCATCCATAGTCGT,TAL_2,TAL_2.0
CTGCCATCACCATATG,TAL_2,TAL_2.0
CTGCCATTCCGGTTCT,TAL_2,TAL_2.0
CTGCCATTCGTGGGAA,PT_2,PT_2.3
CTGCCTAGTAACTGCT,TAL_2,TAL_2.0
CTGCCTAGTACGAAAT,PT_4,PT_4.0
CTGCCTATCAACGTGT,PT_4,TAL_2.4
CTGCGAGCATCGGTTA,DCT_1,DCT_1.1
CTGCGAGTCTGAATGC,TAL_2,TAL_2.0
CTGCTCATCCTGGCTT,TAL_2,TAL_2.0
CTGGACGCACTACGGC,TAL_2,TAL_2.0
CTGGCAGAGACTTCCA,TAL_2,TAL_2.0
CTGGCAGTCCATTCGC,TAL_2,TAL_2.0
CTGGCAGTCGCGGACT,TAL_2,TAL_2.0
CTGGTCTAGCATGGGT,TAL_2,TAL_2.0
CTGGTCTCATAGGTAA,TAL_2,TAL_2.0
CTGTACCCATTCTCCG,TAL_2,TAL_2.0
CTGTACCGTATCACGT,TAL_2,TAL_2.0
CTGTACCTCGCTTTAT,TAL_2,TAL_2.0
CTGTAGACACTAGGTT,TAL_2,TAL_2.0
CTGTAGACACTGAGTT,TAL_2,TAL_2.0
CTGTAGACAGACCAAG,TAL_2,TAL_2.0
CTGTAGAGTATTGCCA,TAL_2,TAL_2.0
CTGTAGAGTCTGTAGT,TAL_2,TAL_2.0
CTGTCGTAGCAAGCCA,PT_4,PT_4.0
CTGTGGGTCACCTCTG,TAL_2,TAL_2.0
CTTAGGAAGATTACCC,PT_4,PT_4.0
CTTAGGAGTGCACATT,TAL_2,TAL_2.0
CTTCAATAGAAACACT,TAL_2,TAL_2.0
CTTCAATAGCGGACAT,PT_4,PT_4.0
CTTCAATTCAGATGCT,TAL_2,TAL_2.0
CTTCCGACAAAGCACG,TAL_2,TAL_2.0
CTTCCTTAGCCTCGTG,TAL_2,TAL_2.1
CTTCGGTTCCACTTCG,PT_4,PT_4.0
CTTCGGTTCGCTGATA,TAL_2,TAL_2.0
CTTCTAACAAAGCTCT,TAL_2,TAL_2.0
CTTCTAATCATTACCT,TAL_2,TAL_2.0
CTTCTCTTCTGGTTGA,TAL_2,TAL_2.0
CTTGAGAAGAATCGCG,PT_4,PT_4.0
CTTGATTTCCGCAACG,TAL_2,TAL_2.0
CTTGATTTCGAGATAA,TAL_2,TAL_2.0
CTTGATTTCGGCTGTG,TAL_2,TAL_2.0
CTTTCAATCTGTAACG,TAL_2,TAL_2.0
CTTTCGGAGGACACTG,TAL_2,TAL_2.0
CTTTCGGGTGCCTGAC,TAL_2,TAL_2.0
CTTTCGGTCCGAGGCT,TAL_2,TAL_2.0
GAAATGAAGCTTCGTA,TAL_2,TAL_2.0
GAAATGACAACGGTAG,PT_4,PT_4.0
GAACACTCAATAACGA,PT_4,PT_4.0
GAACACTCACGTCTCT,TAL_2,TAL_2.0
GAACACTCATTAAAGG,PT_4,PT_4.0
GAACACTGTGCGACAA,TAL_2,TAL_2.0
GAACGTTGTGTTACTG,TAL_2,TAL_2.0
GAACTGTAGTATTGCC,TAL_2,TAL_2.0
GAAGAATCATCGGAGA,TAL_2,TAL_2.0
GAAGAATTCCTAGCTC,TAL_2,TAL_2.0
GAAGCGACATCCTCAC,PT_4,PT_4.0
GAAGGACAGCAATAGT,TAL_2,TAL_2.0
GAAGGACGTAGAGCTG,PT_4,PT_4.0
GAAGTAAGTAGGACCA,PT_4,PT_4.0
GAATAGAGTTCTCACC,PT_4,PT_4.0
GAATCACCATAGAATG,TAL_2,TAL_2.0
GACACGCCACGGGTAA,TAL_2,TAL_2.0
GACACGCCATTGACTG,TAL_2,TAL_2.0
GACATCAGTATTGACC,TAL_2,TAL_2.0
GACCAATTCACCGCTT,TAL_1,TAL_1.4
GACCCAGAGCTCCCTT,PT_4,PT_4.0
GACCCAGAGGTTCTAC,TAL_2,TAL_2.0
GACCCAGCATGATCTG,TAL_2,TAL_2.0
GACCCTTCACTACCGG,TAL_2,TAL_2.0
GACCCTTGTAACACGG,PT_4,PT_4.0
GACCGTGGTCCGGCAT,TAL_2,TAL_2.0
GACCGTGTCTGGGAGA,TAL_2,TAL_2.0
GACCTTCAGAATCGCG,TAL_2,TAL_2.2
GACCTTCTCGACATTG,TAL_2,TAL_2.0
GACGTTATCATGCAGT,TAL_2,TAL_2.0
GACTATGAGAGTCTTC,TAL_2,TAL_2.0
GACTATGAGTCCGCGT,TAL_2,TAL_2.1
GACTTCCTCCAGTACA,TAL_2,TAL_2.0
GAGAAATTCTCGTCGT,TAL_2,TAL_2.1
GAGACCCAGTACAGAT,TAL_2,TAL_2.0
GAGACTTAGCGGTAGT,PT_4,PT_4.0
GAGCCTGTCATTTGGG,PT_4,PT_4.3
GAGCTGCAGAACTGAT,TAL_2,TAL_2.0
GAGCTGCAGACATCAA,PT_2,PT_4.0
GAGGCAAAGTTCATCG,TAL_2,TAL_2.4
GAGGCCTAGTCTCTGA,TAL_2,TAL_2.0
GAGGGTATCCCTCTTT,PT_4,PT_4.0
GAGTCATCATCCTGTC,TAL_2,TAL_2.0
GAGTCATTCAATCAGC,TAL_2,TAL_2.0
GAGTCTACATAATCGC,TAL_2,TAL_2.0
GAGTGAGAGCATGAAT,TAL_2,TAL_2.0
GAGTGAGAGGGTAGCT,TAL_2,TAL_2.0
GAGTGAGCAAGGAGTC,PT_4,PT_4.0
GAGTGAGTCTTTCCGG,TAL_2,TAL_2.0
GAGTGTTAGACGACGT,TAL_2,TAL_2.0
GAGTGTTTCGGCAGTC,TAL_2,TAL_2.0
GAGTTACAGGATAATC,TAL_2,TAL_2.0
GAGTTGTTCTAAGAAG,PT_4,PT_4.0
GAGTTTGCAGTTAGGG,TAL_2,TAL_2.0
GAGTTTGTCTAACACG,PT_2,PT_2.2
GATCAGTAGTGCGACA,TAL_2,TAL_2.0
GATCATGTCGGAGTAG,PT_4,PT_4.0
GATCCCTGTTCTCGTC,TAL_2,TAL_2.0
GATCCCTTCAAGCCGC,TAL_2,TAL_2.0
GATCCCTTCCCGAGAC,TAL_2,TAL_2.0
GATGACTCAAACGTGG,TAL_2,TAL_2.0
GATGACTCATAGAAAC,TAL_2,TAL_2.0
GATGACTTCAGAGTGG,TAL_2,TAL_2.0
GATGACTTCGTGCGAC,PT_4,PT_4.0
GATGGAGCACCGCTAG,PT_4,PT_4.0
GATGTTGTCAAGTCGT,PT_2,PT_2.3
GATGTTGTCTAACACG,PT_4,PT_4.2
GATTCGACATCGGATT,TAL_2,TAL_2.0
GATTCGAGTGACTGAG,PT_4,PT_4.0
GATTCTTCATAGGCGA,TAL_2,TAL_2.0
GATTCTTGTGTCCATA,TAL_2,TAL_2.0
GATTGGTCACAAAGCG,TAL_2,TAL_2.0
GATTGGTCATAGTCGT,TAL_2,TAL_2.0
GCAACATAGGCCTTCG,TAL_2,TAL_2.0
GCAACATGTCCTCATC,TAL_2,TAL_2.0
GCAACATTCCGTGTCT,TAL_2,TAL_2.0
GCACATAAGTTCATGC,TAL_2,TAL_2.0
GCACATATCTCTAGGA,TAL_2,TAL_2.0
GCACGGTCAATTGTGC,TAL_2,TAL_2.0
GCACGTGTCCGCGGAT,PT_4,PT_4.0
GCAGCCAAGAGGTATT,PT_2,PT_2.3
GCAGCCACACCAGTAT,TAL_2,TAL_2.0
GCAGCCACACTTCATT,TAL_2,TAL_2.0
GCAGCCAGTATTGACC,DCT_1,DCT_1.2
GCAGCCATCGCGTAGC,PT_4,PT_4.0
GCAGCTGCACTTGTCC,TAL_2,TAL_2.0
GCAGCTGCATCCTCAC,TAL_2,TAL_2.0
GCAGCTGGTACTGCGC,PT_4,PT_4.3
GCAGCTGGTTGGGCCT,TAL_2,TAL_2.0
GCAGCTGTCATTCACT,TAL_2,TAL_2.0
GCAGGCTGTAGGTCAG,TAL_2,TAL_2.1
GCAGGCTGTCACAGTT,PT_4,PT_4.0
GCAGGCTTCCACGGAC,PT_4,DCT_1.0
GCAGTTATCCTACACC,PT_4,PT_4.0
GCATCGGAGATGAATC,PT_4,PT_4.0
GCATCGGGTTACGGAG,TAL_2,TAL_2.0
GCATGATTCCTATTGT,PT_4,PT_4.0
GCATTAGTCGTCTCAC,TAL_2,TAL_2.0
GCCAACGTCTGGCCTT,TAL_2,TAL_2.0
GCCAGCAAGACGGATC,PT_4,PT_4.0
GCCAGCATCCGGGACT,TAL_2,TAL_2.0
GCCAGGTCAAACCACT,PT_4,PT_4.3
GCCATTCCAACCCGCA,PT_4,TAL_2.0
GCCATTCTCGGTGAAG,TAL_2,TAL_2.0
GCCCAGAAGAGCATAT,PT_4,PT_4.0
GCCCAGAAGGTTCACT,TAL_2,TAL_2.0
GCCCAGAAGTTAACAG,TAL_2,TAL_2.0
GCCCAGAGTGTGGACA,EC,EC
GCCCAGATCTTAAGGC,TAL_2,TAL_2.0
GCCCGAAAGATCGACG,TAL_2,TAL_2.0
GCCCGAACAAGTGATA,TAL_2,TAL_2.0
GCCCGAAGTACTGACT,PT_4,PT_4.0
GCCGATGAGCAGATAT,TAL_2,TAL_2.0
GCCGATGGTCGCAGTC,PT_4,PT_4.0
GCCGATGTCAACCCGG,PT_4,PT_4.0
GCCGATGTCGCGAAGA,PT_4,PT_4.0
GCCGTGACAGATCATC,TAL_2,TAL_2.0
GCCGTGAGTCATGGCC,TAL_2,TAL_2.0
GCCGTGATCGAGAGCA,PT_4,PT_4.0
GCGAGAATCGGCTCTT,TAL_2,TAL_2.0
GCGATCGAGATAGTCA,TAL_2,TAL_2.0
GCGATCGAGCCTGAAG,TAL_2,TAL_2.0
GCGGAAACAGGCATTT,TAL_2,TAL_2.0
GCGTGCAAGATACTGA,TAL_2,TAL_2.0
GCGTGCAGTACCCACG,TAL_2,TAL_2.0
GCGTTTCAGACCAACG,TAL_2,TAL_2.0
GCGTTTCAGATCCCGC,PT_4,PT_4.0
GCGTTTCTCATTACGG,TAL_2,TAL_2.0
GCGTTTCTCCGAGAAG,TAL_2,TAL_2.1
GCTACCTGTGATATAG,TAL_2,TAL_2.2
GCTACCTGTTCGAAGG,TAL_2,TAL_2.0
GCTCAAAAGTACAACA,PT_4,PT_4.3
GCTCAAAGTCTTACAG,PT_4,PT_2.3
GCTGAATGTTAGCGGA,PT_4,PT_4.0
GCTGCAGAGCGCCTCA,TAL_2,TAL_2.0
GCTGCAGAGTTGCCCG,TAL_2,TAL_2.0
GCTGGGTAGTGTACAA,PT_4,PT_4.0
GCTGGGTTCCCGAATA,TAL_2,TAL_2.0
GCTTCACCATGCGTGC,TAL_2,TAL_2.0
GCTTGGGCACGACTAT,PT_4,PT_4.0
GCTTTCGAGACGGAAA,PT_4,PT_4.0
GCTTTCGAGTAAACGT,PT_4,PT_4.0
GCTTTCGCAACTGCTA,TAL_2,TAL_2.0
GCTTTCGCAGCTACAT,TAL_2,TAL_2.0
GCTTTCGCAGTGCGCT,EC,EC
GGAACCCAGTAGTGCG,TAL_2,TAL_2.0
GGAACCCCAATTGTGC,TAL_2,TAL_2.0
GGAACCCCACAACGCC,TAL_2,TAL_2.0
GGAAGTGCAGGTTCCG,PT_4,PT_4.0
GGAATCTCAGTCTTCC,TAL_2,TAL_2.0
GGAATGGTCGACTCCT,PT_4,PT_4.0
GGACGTCAGGTAATCA,TAL_2,TAL_2.0
GGAGATGAGGCTAACG,TAL_1,TAL_1.4
GGAGCAAAGAGCAAGA,TAL_2,TAL_2.0
GGAGCAATCTATCGTT,TAL_2,PT_2.3
GGAGGTAAGCTAGCCC,TAL_2,PT_4.0
GGAGGTAAGTTGCGAG,TAL_2,TAL_2.0
GGAGGTACAGAAATTG,TAL_2,TAL_2.0
GGAGGTAGTTCAAACC,TAL_2,TAL_2.0
GGAGGTATCACAGAGG,TAL_2,TAL_2.0
GGATGTTAGGGAGATA,TAL_2,TAL_2.0
GGCACGTAGGAACTCG,TAL_2,TAL_2.0
GGCACGTGTCTTCATT,TAL_2,TAL_2.0
GGCACGTGTTCTCCTG,TAL_2,TAL_2.0
GGCAGTCAGACATAAC,TAL_2,TAL_2.0
GGCAGTCTCACATCAG,TAL_2,TAL_2.0
GGCAGTCTCGATACGT,TAL_2,TAL_2.0
GGCGTCAAGATCCTAC,TAL_2,TAL_2.0
GGCGTCACAGGTACGA,DCT_1,DCT_1.2
GGCTGTGAGCTAGCCC,TAL_2,TAL_2.0
GGCTGTGAGGTGCTTT,TAL_2,TAL_2.0
GGCTGTGGTGAATAAC,TAL_2,TAL_2.0
GGCTTGGCAGCTCGGT,TAL_2,TAL_2.0
GGCTTGGTCTGTGTGA,PT_4,PT_4.3
GGCTTTCCAAGGCTTT,TAL_2,TAL_2.0
GGCTTTCGTTCGGACC,PT_2,TAL_2.0
GGGAAGTCACTAGTAC,TAL_2,TAL_2.0
GGGAAGTCATCCAACA,PT_2,PT_2.3
GGGACAAAGGACAAGA,PT_4,PT_4.0
GGGACTCCAATCGCCG,PT_4,PT_4.0
GGGACTCCACGCTGCA,PT_2,PT_2.3
GGGACTCTCGTGGAAG,TAL_2,TAL_2.4
GGGAGATAGGCCGCTT,TAL_2,TAL_2.0
GGGAGATGTGCTTCAA,TAL_2,TAL_2.0
GGGAGTAGTACAGCGA,PT_4,PT_4.0
GGGAGTAGTATCACCA,TAL_2,TAL_2.0
GGGAGTATCGGTATGT,TAL_2,PT_2.3
GGGATCCCAAGCTACT,TAL_2,TAL_2.4
GGGATCCCAGGTCAAG,PT_4,PT_4.0
GGGATGAAGTGGAATT,TAL_2,TAL_2.0
GGGATGAGTCCATCTC,TAL_2,TAL_2.0
GGGATGAGTTGCATGT,TAL_2,TAL_2.0
GGGCCATAGCCGATAG,TAL_2,TAL_2.0
GGGCCATAGTGTAGAT,PT_4,PT_4.0
GGGCTACCATGTGGTT,TAL_2,TAL_2.0
GGGCTCACACACCTTC,TAL_2,TAL_2.0
GGGCTCACACATTGTG,TAL_2,TAL_2.0
GGGTAGAAGTTACGAA,PT_4,TAL_2.4
GGGTAGAGTATAGGGC,TAL_2,TAL_2.0
GGGTAGAGTATGCAAA,PT_2,PT_2.3
GGGTATTTCTTTCCGG,TAL_2,TAL_2.0
GGGTCACTCCGATCTC,TAL_2,TAL_2.0
GGGTGAACATAATGCC,EC,EC
GGGTGAAGTCGTTTCC,TAL_2,TAL_2.0
GGGTGAAGTGAGTAAT,TAL_2,TAL_2.0
GGGTGTCTCCTTCAGC,PT_4,PT_4.0
GGGTTATAGATAGCAT,TAL_2,TAL_2.0
GGGTTATAGCTACTGT,TAL_2,TAL_2.0
GGGTTATCACTTGAAC,TAL_2,TAL_2.0
GGGTTTACAAGCGCTC,TAL_2,TAL_2.0
GGGTTTACACAGTACT,PT_4,DCT_1.1
GGGTTTACACCATTCC,TAL_2,TAL_2.0
GGGTTTACATTCGGGC,TAL_2,TAL_2.0
GGGTTTATCTTTCCGG,DCT_1,TAL_2.0
GGTAACTCAGTAGAGC,TAL_2,TAL_2.0
GGTAATCCATTGCCTC,TAL_2,TAL_2.0
GGTAATCGTAGAATAC,TAL_2,TAL_2.0
GGTAATCGTTCGGTCG,PT_4,PT_4.0
GGTAATCTCGAGCACC,PT_4,PT_4.3
GGTAATCTCTTGCGCT,TAL_2,TAL_2.0
GGTAGAGAGTCATACC,TAL_2,TAL_2.0
GGTAGAGCACGACTAT,TAL_2,TAL_2.0
GGTAGAGTCAGTCACA,TAL_2,TAL_2.0
GGTAGAGTCTTCGATT,TAL_2,TAL_2.0
GGTCACGAGGCATTTC,TAL_2,TAL_2.0
GGTCACGGTCGGTGTC,TAL_2,TAL_2.0
GGTCTGGAGTATCTGC,TAL_2,TAL_2.0
GGTCTGGGTGACCGAA,PT_4,PT_4.0
GGTCTGGGTTCCGGTG,TAL_2,TAL_2.0
GGTGAAGAGACCTCCG,PT_4,PT_4.0
GGTGAAGTCGGTCAGC,TAL_2,TAL_2.0
GGTGATTCAAGTTCGT,TAL_2,TAL_2.0
GGTGTCGAGCTTTGTG,TAL_2,TAL_2.1
GGTGTTATCGGCACTG,TAL_2,TAL_2.0
GTAACACTCTTCCTAA,EC,EC
GTAACCAAGATACAGT,PT_4,PT_4.0
GTAACCAGTCCAAGAG,TAL_2,TAL_2.0
GTAAGTCAGCGTGCTC,TAL_2,TAL_2.0
GTAAGTCCAACCTATG,PT_4,PT_2.3
GTAAGTCTCATAGGCT,TAL_2,TAL_2.0
GTACAACAGGGCAGAG,PT_4,PT_4.0
GTACAACCAGATTCGT,PT_4,PT_4.0
GTACAACCATTATGCG,TAL_2,TAL_2.0
GTACAGTAGCGGGTTA,TAL_2,TAL_2.4
GTACAGTAGTATCTGC,DCT_1,DCT_1.1
GTACAGTGTGAGAGGG,TAL_2,TAL_2.0
GTAGAAACATAGGAGC,TAL_2,TAL_2.0
GTAGAGGGTTTATGCG,TAL_2,TAL_2.0
GTAGATCCAGGCACTC,PT_2,PT_2.3
GTAGCTAAGTGCGACA,TAL_2,TAL_2.0
GTAGGAGCAGACATCT,PT_2,PT_2.3
GTAGGAGTCGACCCAG,TAL_2,TAL_2.0
GTAGTACCAGGTGAGT,TAL_2,TAL_2.0
GTAGTACGTGAGTAAT,TAL_2,TAL_2.0
GTATTGGAGCGTACAG,PT_4,PT_4.0
GTATTGGCAGAGTCAG,PT_4,PT_4.0
GTATTGGGTCGGTGAA,TAL_2,TAL_2.0
GTATTTCCATCATTTC,TAL_2,TAL_2.0
GTATTTCGTCGTACAT,TAL_2,TAL_2.0
GTATTTCTCCTCACGT,TAL_2,TAL_2.0
GTCAAACAGATGCAGC,TAL_2,TAL_2.0
GTCACGGAGAACTGAT,TAL_2,TAL_2.0
GTCACGGAGCAACAAT,PT_2,PT_2.3
GTCACGGAGCCTCAAT,TAL_2,TAL_2.2
GTCACTCGTTATGGTC,TAL_2,TAL_2.0
GTCAGCGAGGAACTCG,TAL_2,TAL_2.0
GTCAGCGAGGAAGTAG,PT_4,PT_2.3
GTCATCCGTTGTTTGG,PT_4,PT_4.0
GTCATGAAGACCTCCG,TAL_2,TAL_2.0
GTCATGACACATTGTG,TAL_2,TAL_2.0
GTCATGATCTACGGTA,TAL_2,TAL_2.0
GTCATTTAGATCACCT,TAL_2,TAL_2.0
GTCATTTAGGAGCTGT,PT_4,PT_4.0
GTCATTTCAAGTACCT,TAL_2,TAL_2.1
GTCATTTCACACCTAA,TAL_2,TAL_2.0
GTCATTTTCGCTGATA,PT_4,PT_4.0
GTCCTCACAGTCTGGC,TAL_2,TAL_2.0
GTCCTCATCTCATTGT,PT_2,PT_2.3
GTCGAATCACAGAGAC,TAL_2,TAL_2.0
GTCGCGAAGTGTACCT,TAL_2,TAL_2.0
GTCGTAAGTCAAGGCA,TAL_2,TAL_2.0
GTCGTAATCCTTCACG,TAL_2,TAL_2.0
GTCGTTCGTTGCCGCA,TAL_2,TAL_2.0
GTCTACCAGACGGTCA,PT_4,PT_4.0
GTCTACCGTCTACATG,TAL_2,TAL_2.0
GTCTAGAAGACTCTTG,PT_4,PT_4.0
GTCTAGAAGTAACCTC,TAL_2,TAL_2.0
GTCTAGACAATCACGT,DCT_1,DCT_1.2
GTCTAGACAGTTAAAG,PT_4,PT_4.0
GTCTAGAGTGGATTTC,DCT_1,DCT_1.2
GTCTCACAGGAGACCT,TAL_2,TAL_2.0
GTCTCACCATACTGAC,TAL_2,TAL_2.0
GTCTCACTCAAGGTGG,PT_4,PT_4.0
GTCTGTCCAGTGTGCC,TAL_2,TAL_2.0
GTCTTTAAGACGTCGA,TAL_2,TAL_2.0
GTGACGCAGCTGAGCA,TAL_2,TAL_2.0
GTGACGCCACTTGAGT,TAL_2,TAL_2.0
GTGACGCGTTAGGACG,TAL_2,TAL_2.0
GTGACGCTCCGTCCTA,TAL_2,TAL_2.0
GTGACGCTCTCACCCA,PT_4,PT_4.0
GTGAGCCGTGCCCGTA,TAL_2,TAL_2.0
GTGAGCCTCAACCGAT,PT_4,PT_4.0
GTGAGGAGTCTAGGTT,PT_4,PT_4.0
GTGAGTTAGCACGGAT,TAL_2,TAL_2.0
GTGATGTAGATCGGTG,PT_4,PT_4.0
GTGATGTAGTGCACAG,PT_4,PT_4.0
GTGCAGCAGCGGGTAT,PT_4,PT_2.3
GTGCGTGCACCAGACC,TAL_2,TAL_2.0
GTGCGTGCACCTTCCA,PT_2,PT_2.3
GTGCGTGCAGAGGACT,TAL_2,TAL_2.0
GTGCTGGAGACTTCCA,TAL_2,TAL_2.0
GTGCTTCTCATTATCC,TAL_2,TAL_2.0
GTGGAAGCAACATCGT,TAL_2,TAL_2.0
GTGGAGACACTTACAG,TAL_2,TAL_2.0
GTGGAGAGTATCGAGG,PT_4,PT_4.0
GTGGAGAGTCAAGTTC,PT_4,PT_4.3
GTGGCGTTCAAGTAAG,TAL_2,TAL_2.0
GTGGTTATCCAAGCCG,TAL_2,TAL_2.0
GTGTAACAGTCATAGA,DCT_1,DCT_1.0
GTGTAACGTGTTCGAT,TAL_2,TAL_2.0
GTGTGATCAGGTTTAC,TAL_2,TAL_2.0
GTGTGGCGTTAGTTCG,PT_4,PT_4.0
GTGTTAGCAGAGGCTA,TAL_2,TAL_2.0
GTGTTCCGTAGAAACT,EC,EC
GTGTTCCGTGTATTGC,TAL_2,TAL_2.0
GTGTTCCTCTCTTGCG,PT_4,PT_4.0
GTTACAGCACAGCTTA,PT_4,PT_4.0
GTTACAGGTAGCGATG,TAL_2,TAL_2.0
GTTACAGGTCGATTTG,TAL_2,DCT_1.3
GTTACGACAGTGTGCC,TAL_2,TAL_2.0
GTTAGACGTTTACTGG,DCT_1,TAL_2.0
GTTAGTGCATGACAGG,PT_4,PT_4.0
GTTATGGCAGTAGAGC,TAL_2,TAL_2.0
GTTATGGGTGTACAGG,PT_2,PT_2.3
GTTCATTAGGCTTAAA,TAL_2,TAL_2.0
GTTCATTCACTAAACC,TAL_2,TAL_2.0
GTTCTATCAGTAACAA,TAL_2,TAL_2.0
GTTCTATGTGCTGTCG,TAL_2,TAL_2.0
GTTGAACGTTGGCCGT,TAL_2,TAL_2.0
GTTGCGGCAATGTCAC,PT_4,PT_4.0
GTTGCGGGTACCGTGC,TAL_2,TAL_2.0
GTTGTAGAGAGTCAGC,TAL_2,TAL_2.0
GTTGTAGGTGTCACAT,PT_4,PT_4.0
GTTTGGACATCTTTCA,TAL_2,TAL_2.0
TAACCAGGTGGGCTCT,TAL_2,TAL_2.0
TAACCAGTCCGTGGGT,PT_4,PT_4.0
TAACGACAGCCGTTGC,PT_4,PT_4.0
TAACGACAGTTTGTCG,PT_4,PT_4.0
TAACTTCAGTAGCTCT,TAL_2,TAL_2.0
TAAGCACTCGGCAGTC,TAL_2,TAL_2.0
TAAGCCATCGGTTCAA,EC,EC
TAAGCGTCACAACATC,PT_4,PT_4.0
TAAGCGTCATAATGCC,PT_4,PT_4.0
TAAGTCGCACATTCTT,TAL_2,TAL_2.0
TAAGTCGGTAAGTAGT,PT_4,PT_2.3
TAAGTCGTCACTAGCA,PT_4,PT_4.0
TAAGTCGTCTTAGTTC,TAL_2,TAL_2.0
TAATCTCGTCTGCATA,TAL_2,TAL_2.0
TAATCTCTCAAACTGC,TAL_2,TAL_2.0
TAATTCCCAGTAGGAC,PT_4,PT_4.3
TACAACGCAAGCGAAC,PT_4,PT_4.0
TACAACGCAGAGACTG,TAL_2,TAL_2.0
TACAACGGTATTCCGA,TAL_2,TAL_2.0
TACAACGGTGCCGTTG,TAL_2,DCT_1.1
TACAACGTCCGGGACT,TAL_2,TAL_2.0
TACACCCGTGGTAATA,TAL_2,TAL_2.0
TACAGGTAGCGTCAAG,TAL_2,TAL_2.0
TACAGGTGTCGCGTCA,TAL_2,TAL_2.0
TACATTCTCCTACGAA,PT_4,PT_4.0
TACCCACCAACACACT,TAL_2,TAL_2.0
TACCCACCACGCACCA,TAL_2,TAL_2.0
TACCCGTTCGCTATTT,TAL_2,TAL_2.0
TACCGAAAGGCACGAT,TAL_2,TAL_2.0
TACCGAAGTTTAAGGA,TAL_2,TAL_2.0
TACCGGGCACAAGCTT,TAL_2,TAL_2.0
TACCGGGTCGCGTCGA,TAL_2,TAL_2.4
TACCTCGGTCAACACT,TAL_2,TAL_2.0
TACCTCGGTCTCTCTG,TAL_2,TAL_2.0
TACCTCGTCACTCCGT,TAL_2,TAL_2.0
TACCTCGTCTACCCAC,TAL_2,TAL_2.0
TACCTGCCAACGGTAG,TAL_2,TAL_2.1
TACCTGCGTACAGTCT,TAL_2,TAL_2.0
TACGCTCGTTCTCGCT,PT_2,PT_2.3
TACGGGCGTCTGTGTA,TAL_2,TAL_2.0
TACGGGCTCGTAGGGA,PT_4,PT_4.0
TACGGTAAGTGGCCTC,TAL_2,TAL_2.0
TACGGTACATGCGGTC,PT_4,PT_4.0
TACGTCCAGGAGGCAG,TAL_2,TAL_2.0
TACGTCCCAAACGAGC,TAL_2,TAL_2.0
TACGTCCCACGCTGCA,TAL_2,TAL_2.0
TACGTCCTCATGGCCG,PT_4,PT_4.3
TACTTACCAGGCACTC,TAL_2,TAL_2.0
TACTTACGTATTCTCT,TAL_2,TAL_2.0
TACTTACTCACCTTGC,DCT_1,TAL_2.2
TACTTCAGTGCAATAA,TAL_2,TAL_2.0
TACTTGTAGAGTTCGG,TAL_2,TAL_2.0
TACTTGTCACACGCCA,TAL_2,TAL_2.0
TACTTGTTCGTAACTG,TAL_2,TAL_2.0
TAGACCAAGTCTGGAG,TAL_2,TAL_2.0
TAGACCATCCGATCGG,TAL_2,TAL_2.0
TAGACTGAGGCTAAAT,TAL_2,TAL_2.0
TAGACTGAGGGATCAC,PT_4,PT_4.0
TAGAGTCAGCATACTC,PT_4,PT_4.0
TAGATCGAGTAATACG,TAL_2,TAL_2.2
TAGATCGCACCGTGGT,TAL_2,TAL_2.0
TAGATCGTCGGCCTTT,DCT_1,DCT_1.1
TAGCACATCATCTACT,TAL_2,TAL_2.0
TAGGAGGAGGCCCACT,PT_4,PT_4.0
TAGGAGGCAAAGAACT,PT_4,PT_4.0
TAGGAGGCAATTCTTC,TAL_2,TAL_2.0
TAGGAGGGTATGGTAA,TAL_2,TAL_2.0
TAGGGTTAGTATGAGT,TAL_2,TAL_2.0
TAGGGTTGTTGGCCGT,TAL_2,TAL_2.0
TAGGTACCACGCCAGT,TAL_2,TAL_2.1
TAGGTTGTCTTTCGAT,TAL_2,TAL_2.0
TAGTGCAGTAGACGGT,TAL_2,TAL_2.0
TATATCCAGTGCTAGG,TAL_2,TAL_2.0
TATCAGGCACGGCACT,TAL_2,TAL_2.0
TATCAGGGTGACAGCA,TAL_2,TAL_2.0
TATCAGGTCGTTCAGA,TAL_2,TAL_2.0
TATCCTAGTGATAGTA,TAL_2,TAL_2.0
TATCCTAGTTGGACTT,TAL_2,TAL_2.0
TATCGCCAGTATAGGT,TAL_2,TAL_2.0
TATCGCCCATGACTGT,TAL_2,TAL_2.0
TATCGCCGTTGGCCTG,TAL_2,TAL_2.0
TATCTTGCACTCCCTA,TAL_2,TAL_2.0
TATTGGGAGTTGCGCC,PT_4,PT_4.0
TATTGGGCAGCCCAGT,TAL_2,TAL_2.0
TATTTCGGTATGTCTG,TAL_2,TAL_2.0
TCAAGCAAGTATCTGC,DCT_1,PT_4.3
TCAAGCACAATACGAA,TAL_2,TAL_2.0
TCAAGCACAGACATCT,TAL_2,TAL_2.0
TCAAGCATCCATTCGC,TAL_2,TAL_2.0
TCAAGTGAGGGAGTGG,PT_4,PT_4.0
TCAAGTGCAAGCCATT,TAL_2,TAL_2.0
TCAATTCGTGCCCAGT,TAL_2,TAL_2.0
TCAATTCTCCTCAGGG,TAL_2,TAL_2.0
TCACAAGAGTCTAGAA,TAL_2,TAL_2.0
TCACAAGTCTTCCTAA,PT_4,PT_4.3
TCACACCCAGCGTAGA,PT_2,PT_2.3
TCACACCTCGACGCGT,PT_4,PT_4.0
TCACGCTTCCCTTCCC,TAL_2,TAL_2.0
TCACGGGCAACCAGAG,TAL_2,TAL_2.0
TCACGGGCAATGAGCG,TAL_2,TAL_2.0
TCACTCGCAGCTGTAT,TAL_2,TAL_2.0
TCAGCCTTCAAACGAA,PT_4,PT_4.0
TCAGGTACAATGTTGC,TAL_2,TAL_2.0
TCATATCCACCTCTAC,PT_4,PT_4.0
TCATATCCAGACAATA,TAL_2,TAL_2.0
TCATATCGTGCTTCAA,TAL_2,TAL_2.0
TCATCATAGGCCTTGC,TAL_2,TAL_2.0
TCATCATTCGTTCTAT,TAL_2,TAL_2.0
TCATCCGCATTGAGGG,TAL_2,TAL_2.0
TCATGAGAGAGTTGCG,TAL_2,TAL_2.0
TCATGAGTCCTGTTAT,TAL_2,TAL_2.0
TCATGCCTCCTGGGTG,TAL_2,TAL_2.0
TCATGGACAGCTGTAT,TAL_2,TAL_2.0
TCATGTTCAGGTCTCG,TAL_2,TAL_2.0
TCATGTTGTATGTCAC,TAL_2,TAL_2.0
TCATTACCACGTATAC,TAL_2,TAL_2.0
TCATTACCATACCAGT,TAL_2,TAL_2.0
TCATTACTCCGACATA,TAL_2,TAL_2.0
TCATTGTGTGAAAGTT,TAL_2,TAL_2.0
TCATTTGAGAAGCTCG,TAL_2,TAL_2.0
TCATTTGTCCCGAACG,TAL_2,TAL_2.0
TCCACCAGTCGTAATC,TAL_2,TAL_2.0
TCCACGTGTGGTCTGC,TAL_2,TAL_2.0
TCCAGAAAGCCGATCC,PT_4,PT_4.0
TCCAGAAAGTTGTAGA,EC,EC
TCCAGAACATACCGTA,TAL_2,TAL_2.0
TCCAGAATCTAAGCCA,TAL_2,TAL_2.0
TCCAGAATCTAGTGAC,PT_2,PT_2.3
TCCATCGGTTATAGCC,TAL_2,TAL_2.0
TCCATCGTCGGAATTC,TAL_2,TAL_2.0
TCCATGCGTACGATTC,TAL_2,TAL_2.0
TCCCACACACAAGCCC,TAL_2,TAL_2.0
TCCCACACAGTCCCGA,PT_4,PT_4.0
TCCCACACATTCGATG,TAL_2,TAL_2.0
TCCCAGTCAGGAATCG,TAL_2,TAL_2.0
TCCCATGGTCCTACAA,TAL_2,TAL_2.0
TCCCATGTCCTACAAG,TAL_2,TAL_2.0
TCCGATCAGCTCGCAC,TAL_2,TAL_2.0
TCCGGGACAGTAGATA,TAL_2,TAL_2.0
TCCGGGATCATTGAGC,TAL_2,TAL_2.0
TCCGTGTGTGCAACAG,PT_4,PT_4.0
TCCGTGTTCACCATCC,TAL_2,TAL_2.0
TCCTAATCATCGGATT,TAL_2,TAL_2.0
TCCTCCCAGGTGAGAA,TAL_2,TAL_2.0
TCCTCCCTCCAATCCC,TAL_2,TAL_2.0
TCCTCGACAACGTTAC,DCT_1,DCT_1.2
TCCTCGACATGGGAAC,TAL_2,TAL_2.0
TCCTCTTAGCACACCC,PT_4,PT_4.0
TCCTCTTCAAAGGCTG,TAL_2,TAL_2.0
TCCTGCACATATACCG,PT_4,PT_4.0
TCCTTCTCAATCAGCT,TAL_2,TAL_2.0
TCGAACAGTAGATTGA,TAL_2,TAL_2.0
TCGAAGTAGGGCTGAT,PT_4,PT_4.0
TCGAAGTTCGGTCGAC,TAL_2,TAL_2.0
TCGATTTCAATAACGA,TAL_2,TAL_2.0
TCGCACTAGTGCTACT,TAL_2,TAL_2.0
TCGCTCAGTAGGCTGA,TAL_2,TAL_2.0
TCGCTTGAGACGCAGT,TAL_2,TAL_2.0
TCGCTTGTCCTTATGT,TAL_2,TAL_2.0
TCGGATAAGAAATGGG,TAL_2,TAL_2.0
TCGGATACAATCTGCA,TAL_2,TAL_2.0
TCGGATAGTATTCTCT,PT_4,PT_4.0
TCGGATATCTTACGTT,PT_4,PT_4.0
TCGGGACTCAGGAAAT,TAL_2,TAL_2.0
TCGGGCATCGGACTGC,TAL_2,TAL_2.2
TCGGGTGGTGGTTTAC,TAL_2,TAL_2.0
TCGGTCTAGGGACAGG,TAL_2,TAL_2.0
TCGGTCTAGTTCCGGC,TAL_2,TAL_2.0
TCGGTCTTCAATGCAC,TAL_2,TAL_2.0
TCGGTCTTCTTCGTAT,TAL_2,TAL_2.0
TCGTCCAAGGAGAATG,PT_4,PT_4.0
TCGTCCACAGGTGACA,TAL_2,TAL_2.0
TCGTCCAGTTGACGGA,PT_4,PT_4.0
TCGTCCATCGGTGTAT,PT_4,PT_4.0
TCGTCCATCTCTGCCA,TAL_2,TAL_2.0
TCGTGCTAGACCATAA,PT_4,PT_4.0
TCGTGCTCAGCAGTAG,PT_4,PT_4.0
TCGTGCTTCTCTTAAC,TAL_2,TAL_2.5
TCTAACTGTAGCTCGC,PT_4,PT_4.0
TCTAACTGTTTCCAAG,PT_4,PT_4.0
TCTAACTGTTTCCATT,TAL_2,TAL_2.0
TCTACATAGTTCGCAT,TAL_2,TAL_2.0
TCTACCGAGACCAAGC,TAL_2,TAL_2.0
TCTATCACACGCTTAA,TAL_2,TAL_2.0
TCTATCAGTTAGGAGC,PT_4,PT_4.0
TCTCAGCCACTCTGCT,TAL_2,TAL_2.0
TCTCAGCGTACAAACA,TAL_2,TAL_2.0
TCTCAGCTCTCTTGCG,TAL_2,TAL_2.0
TCTGCCACAACCAACT,PT_2,PT_2.3
TCTGCCACACTGCTTC,TAL_2,TAL_2.0
TCTGCCATCCCTCTCC,TAL_2,TAL_2.0
TCTGGCTAGCCTGTCG,TAL_2,TAL_2.2
TCTGGCTCAAGGCAAC,TAL_2,TAL_2.0
TCTGGCTCACAACGCC,TAL_2,TAL_2.0
TCTGGCTCACCTCTGT,TAL_2,TAL_2.0
TCTGGCTCACGCCACA,TAL_2,TAL_2.0
TCTGGCTCAGACTCTA,TAL_2,TAL_2.0
TCTGGCTTCACGGTCG,TAL_2,TAL_2.0
TCTGGCTTCTGAGCAT,PT_4,PT_4.0
TCTGTCGTCACGGTCG,TAL_2,TAL_2.0
TCTTAGTCAGCCGTCA,TAL_2,TAL_2.0
TCTTAGTTCGATCCCT,TAL_2,TAL_2.0
TCTTCCTCAGGATGAC,TAL_2,TAL_2.0
TCTTGCGTCCGGCAAC,PT_4,PT_4.0
TCTTTGAAGGTTACCT,TAL_2,TAL_2.4
TGAACGTCAGTCTTCC,TAL_2,TAL_2.0
TGAATCGAGGCTCAAG,PT_2,PT_2.3
TGAATCGCATTGTAGC,TAL_2,TAL_2.0
TGAATCGGTAGTTCCA,TAL_2,TAL_2.0
TGAATGCAGCGACTAG,PT_4,PT_3/PEC.1
TGACAGTCAAGCACAG,TAL_2,TAL_2.0
TGACAGTCACGGCGTT,TAL_2,TAL_2.0
TGACCCTCAACAGATA,TAL_2,TAL_2.0
TGACCCTCACTGAATC,TAL_2,TAL_2.0
TGACCCTTCATGTCAG,TAL_2,TAL_2.0
TGACCCTTCGCCTAGG,TAL_2,TAL_2.0
TGACGCGCAATAGTAG,TAL_2,TAL_2.0
TGACGCGTCCTACAAG,PT_2,PT_4.0
TGAGCGCCAACAAGAT,PT_4,PT_4.2
TGAGCGCCAGCACACC,DCT_1,PT_2.0
TGAGGGAGTAGAGCTG,TAL_2,TAL_2.0
TGAGGTTCAATCCAGT,PT_4,PT_4.0
TGAGGTTCAGACGATG,PT_4,PT_4.0
TGAGGTTTCGCTTACC,TAL_2,TAL_2.0
TGAGTCAAGCACGTCC,TAL_2,TAL_2.2
TGAGTCATCAGGTAAA,TAL_2,TAL_2.0
TGAGTCATCCGATCTC,TAL_2,TAL_2.0
TGATCAGCACCAGGTC,TAL_2,TAL_2.0
TGATCTTCAGAGACTG,TAL_2,TAL_2.0
TGATCTTGTCGCGGTT,TAL_2,TAL_2.0
TGATCTTGTCGTTGGC,TAL_2,TAL_2.0
TGATGCACACGGGTAA,TAL_2,TAL_2.0
TGATGCACAGCCCAGT,PT_4,PT_4.0
TGATGCAGTGCATTTG,TAL_2,TAL_2.0
TGATGCATCTGGCTGG,TAL_2,TAL_2.0
TGATGGTAGAGCCGAT,TAL_2,TAL_2.0
TGATGGTGTCGCGGTT,TAL_2,TAL_2.0
TGATTCTCACAGTCAT,TAL_2,TAL_2.0
TGATTTCGTTATTCCT,TAL_2,TAL_2.0
TGATTTCGTTGCGGAA,TAL_2,TAL_2.0
TGATTTCTCCGCGATG,TAL_2,TAL_2.0
TGCAGATGTTTGCCGG,TAL_2,TAL_2.0
TGCAGGCAGTAGCAAT,TAL_2,TAL_2.0
TGCAGGCCACAAGCCC,TAL_2,TAL_2.0
TGCAGGCCAGGATTCT,TAL_2,TAL_2.0
TGCAGGCGTGTCTAAC,TAL_2,TAL_2.0
TGCAGTAGTCTACAGT,TAL_2,TAL_2.0
TGCATCCAGACGAGCT,PT_4,PT_4.0
TGCATGAGTGACGTCC,TAL_2,TAL_2.0
TGCCGAGCATAATGCC,TAL_2,TAL_2.0
TGCGATACAGAATCGG,PT_4,PT_4.0
TGCGATACATGACGAG,TAL_2,TAL_2.0
TGCGATATCATTTGCT,PT_4,PT_4.0
TGCGGCAAGACCGTTT,TAL_2,TAL_2.0
TGCGGGTCACATATCG,TAL_2,TAL_2.0
TGCGGGTCAGCAGAAC,PT_4,PT_4.0
TGCTCGTAGGGATCGT,TAL_2,TAL_2.0
TGCTGAACAGATACTC,TAL_2,TAL_2.0
TGCTGAATCCTCTAGC,TAL_2,TAL_2.0
TGCTTCGAGACCCGCT,TAL_2,TAL_2.0
TGCTTCGCACACCGCA,TAL_2,TAL_2.0
TGCTTGCGTGTCTCCT,TAL_2,TAL_2.0
TGCTTGCGTTCGGACC,TAL_2,TAL_2.0
TGCTTGCTCGTCCATC,TAL_2,TAL_2.0
TGGAACTAGCACACAG,TAL_2,TAL_2.0
TGGAACTTCGGACCAC,TAL_2,TAL_2.0
TGGAGAGCATAGAGGC,TAL_2,TAL_2.0
TGGAGAGGTTCGGTTA,TAL_2,TAL_2.0
TGGAGAGGTTGCACGC,TAL_2,TAL_2.0
TGGAGAGTCCGACAGC,TAL_2,TAL_2.0
TGGAGGATCCATTCGC,TAL_2,TAL_2.0
TGGATCAAGGAACTCG,PT_4,PT_4.0
TGGATCAGTGGACAGT,TAL_2,TAL_2.0
TGGGAAGGTCTAACGT,PT_4,PT_4.0
TGGGAGAAGCATCGAG,TAL_2,TAL_2.0
TGGGATTGTAGGTACG,TAL_2,TAL_2.0
TGGGATTGTCAGGTGA,TAL_2,TAL_2.0
TGGGCGTAGACCCGCT,PT_4,PT_4.0
TGGGCGTGTGTTCATG,PT_2,PT_2.3
TGGGCTGGTGTAGCAG,PT_4,PT_4.0
TGGGTTATCCGTCAAA,TAL_2,TAL_2.0
TGGTACAGTTCGGGTC,PT_4,PT_4.0
TGGTACATCTCAACGA,PT_4,PT_4.0
TGGTAGTCAGAGAGGG,TAL_2,TAL_2.0
TGGTAGTCAGTTACCA,TAL_2,TAL_2.0
TGGTGATGTCTCACGG,TAL_2,TAL_2.0
TGGTTAGAGAGAATCT,TAL_2,TAL_2.0
TGGTTAGCACAAAGTA,TAL_2,TAL_2.0
TGGTTAGGTTAATCGC,TAL_2,TAL_2.0
TGGTTAGTCTAAGCGT,PT_4,PT_4.0
TGTAACGCACCCATAA,PT_4,PT_4.0
TGTAAGCTCCATGAGT,PT_4,PT_4.0
TGTACAGAGGATATAC,TAL_2,TAL_2.0
TGTACAGAGTGCGCTC,PT_2,PT_2.3
TGTAGACAGAAGGATG,PT_4,PT_4.0
TGTAGACCACACCGAC,TAL_2,TAL_2.0
TGTAGACGTCATAGTC,TAL_2,TAL_2.0
TGTAGACGTTCCTACC,TAL_2,TAL_2.2
TGTAGACTCGAAGTGG,TAL_2,TAL_2.0
TGTCAGACAACCAATC,TAL_2,TAL_2.0
TGTCCACCATGTTACG,TAL_2,TAL_2.0
TGTCCACTCGGTATGT,PT_2,PT_2.3
TGTCCCAAGCACTCTA,TAL_2,TAL_2.0
TGTCCCACAATTGTGC,PT_4,PT_4.0
TGTCCCATCAGGACGA,TAL_2,TAL_2.0
TGTCCTGCACTATGTG,TAL_2,TAL_2.0
TGTGAGTAGAGTAACT,TAL_2,TAL_2.0
TGTGAGTAGATTCGAA,PT_4,PT_4.0
TGTGAGTAGGAAGTAG,PT_4,PT_4.0
TGTGAGTGTAACGTTC,TAL_2,TAL_2.0
TGTGAGTGTCCACTTC,PT_4,PT_4.3
TGTGCGGAGCCACTCG,TAL_2,TAL_2.0
TGTGCGGCACCTCGTT,TAL_2,TAL_2.0
TGTGCGGGTAGTGCGA,TAL_2,TAL_2.0
TGTGCGGTCCGGGACT,PT_4,PT_4.0
TGTGGCGAGAGCCATG,TAL_2,TAL_2.0
TGTGGCGAGGGCCTCT,TAL_2,TAL_2.3
TGTGGCGTCGTGACTA,PT_4,PT_4.0
TGTGTGACAAATTAGG,TAL_2,TAL_2.0
TGTGTGACATACCGTA,TAL_2,TAL_2.0
TGTGTGAGTCAAGTTC,TAL_2,TAL_2.4
TGTTCCGGTCCTCCTA,TAL_2,TAL_2.0
TGTTCTAAGAGTGTTA,TAL_2,TAL_2.0
TGTTCTATCAACCTTT,TAL_2,TAL_2.0
TGTTCTATCTTACGTT,PT_4,PT_4.0
TGTTTGTAGAAGTATC,TAL_2,TAL_2.0
TGTTTGTAGGCCCAAA,TAL_2,TAL_2.0
TTAATCCGTGCAACAG,TAL_2,TAL_2.0
TTAATCCTCCAAGCTA,TAL_2,TAL_2.0
TTACCATCAATCGCAT,TAL_2,TAL_2.0
TTACCATTCATTGGTG,TAL_2,TAL_2.0
TTACCGCAGTCACTGT,PT_4,PT_4.0
TTACCGCAGTCTAGAA,TAL_2,TAL_2.4
TTACGCCCAAGCGAGT,TAL_2,TAL_2.0
TTACGCCCACTGCATA,TAL_2,TAL_2.0
TTACGCCGTGCATACT,PT_4,PT_4.0
TTACGCCTCGCGTGCA,TAL_2,TAL_2.0
TTACGTTCAGATTTCG,TAL_2,TAL_2.0
TTACTGTTCCTAGCTC,TAL_2,TAL_2.0
TTAGGCAGTGCTGATT,TAL_2,TAL_2.0
TTAGGGTAGGGCAACT,TAL_2,DCT_1.1
TTAGTCTAGGAGAGGC,TAL_2,TAL_2.0
TTAGTCTCAACTCGAT,TAL_1,TAL_1.1
TTAGTCTCAGGCCCTA,TAL_2,TAL_2.0
TTAGTCTGTAGGTACG,PT_4,PT_4.0
TTAGTCTGTCCACAGC,PT_4,PT_4.0
TTATTGCCATTCAGGT,PT_4,PT_4.0
TTCACGCTCTGTTCAT,TAL_2,TAL_2.0
TTCAGGAGTTACGTAC,TAL_2,TAL_2.0
TTCAGGAGTTGTTGTG,TAL_2,TAL_2.0
TTCATGTAGGGCAACT,TAL_2,TAL_2.0
TTCATGTAGTAGTCAA,PT_4,PT_4.0
TTCATGTGTGATGGCA,PT_4,PT_4.3
TTCATTGGTTTCACTT,TAL_2,TAL_2.0
TTCCACGCATAATCCG,TAL_2,TAL_2.0
TTCCGGTCAACCGATT,TAL_2,TAL_2.0
TTCCGGTCAAGCCTGC,TAL_2,TAL_2.0
TTCCGTGCACCCTATC,TAL_2,TAL_2.0
TTCCGTGTCGAGAGAC,TAL_2,TAL_2.4
TTCCTAAGTCCAACGC,TAL_2,TAL_2.0
TTCCTAAGTCTAGGCC,TAL_2,TAL_2.0
TTCCTAATCTGTCAGA,TAL_2,TAL_2.0
TTCCTCTCACATATGC,TAL_2,TAL_2.0
TTCCTCTGTCGTCATA,TAL_2,TAL_2.0
TTCCTCTGTTCTATCT,TAL_2,TAL_2.0
TTCCTTCAGTTGCCCG,TAL_2,TAL_2.0
TTCCTTCGTTAAACAG,TAL_1,TAL_1.1
TTCCTTCGTTGCCAAT,TAL_2,TAL_2.0
TTCGATTCATAATGAG,TAL_2,TAL_2.0
TTCGATTTCATTCCTA,TAL_2,TAL_2.0
TTCGCTGTCCTGCTAC,TAL_2,TAL_2.0
TTCGGTCAGTTCTACG,TAL_2,TAL_2.0
TTCTAGTAGAAGCCTG,TAL_2,TAL_2.0
TTCTAGTGTTGTGTTG,PT_4,PT_4.0
TTCTAGTTCATCAGTG,TAL_2,TAL_2.0
TTCTCTCAGACAACAT,TAL_2,TAL_2.0
TTCTGTAAGGTAGGCT,TAL_2,TAL_2.0
TTCTTCCCAGCGGTTC,TAL_2,TAL_2.2
TTCTTCCGTGTGTGGA,TAL_2,TAL_2.0
TTCTTGACATAATCGC,TAL_2,TAL_2.0
TTGAACGCAGGTATGG,DCT_1,DCT_1.2
TTGAGTGCATGCCATA,TAL_2,TAL_2.0
TTGAGTGGTTCGGTAT,TAL_2,TAL_2.0
TTGATGGCACTGATTG,TAL_2,TAL_2.0
TTGATGGTCCCTCTAG,TAL_2,TAL_2.0
TTGCATTAGACCATTC,PT_4,PT_2.3
TTGCATTAGGAATTAC,TAL_2,TAL_2.0
TTGCCTGAGATTCGCT,TAL_2,TAL_2.0
TTGCGTCCATCATTTC,PT_4,PT_4.0
TTGCTGCAGACCGTTT,TAL_2,TAL_2.0
TTGCTGCCAATGAACA,PT_4,PT_4.0
TTGGATGAGTACCGGA,TAL_2,TAL_2.0
TTGGATGCACCTGATA,PT_4,PT_4.0
TTGGATGCAGTGGCTC,TAL_2,TAL_2.0
TTGGATGGTTGTAGCT,TAL_2,TAL_2.0
TTGGGCGCACAGCTTA,TAL_2,TAL_2.0
TTGGGCGTCAAGAGTA,TAL_2,TAL_2.0
TTGGGTAAGTGACACG,TAL_2,TAL_2.0
TTGGGTAGTTGTAGCT,TAL_2,TAL_2.0
TTGGTTTAGGTTATAG,TAL_2,TAL_2.0
TTGGTTTAGTTGCCTA,TAL_2,TAL_2.0
TTGGTTTGTCTCACGG,TAL_2,TAL_2.0
TTGGTTTTCAAACCTG,TAL_2,TAL_2.0
TTGTGGAAGTTGGCTT,TAL_2,TAL_2.0
TTGTGGATCCGGCAAC,TAL_2,TAL_2.0
TTGTTCAAGCTGCCTG,TAL_2,TAL_2.0
TTGTTCAAGTCCCGAC,TAL_2,TAL_2.0
TTGTTCACAACGCATT,TAL_2,TAL_2.0
TTGTTCAGTATAGGGC,PT_4,PT_4.0
TTGTTGTCAGCGACAA,TAL_2,TAL_2.0
TTGTTTGCACGGCCAT,TAL_2,TAL_2.0
TTGTTTGCAGCGACAA,TAL_2,TAL_2.0
TTGTTTGTCAGTGTTG,TAL_2,TAL_2.0
TTTACGTTCCGATCTC,TAL_2,TAL_2.0
TTTACTGAGAAAGTCT,TAL_2,TAL_2.0
TTTACTGCACAGTGTT,TAL_2,TAL_2.0
TTTAGTCCACACCTTC,TAL_2,TAL_2.0
TTTAGTCTCCAAAGGG,TAL_2,TAL_2.0
TTTCACAAGAGCACTG,PT_2,PT_2.3
TTTCACAAGGGTTAAT,TAL_2,TAL_2.0
TTTCACACAATTCTCT,TAL_2,TAL_2.0
TTTCACACAGCCTACG,TAL_2,TAL_2.0
TTTCACACATGATAGA,PT_4,TAL_2.0
TTTCAGTAGGGAGGAC,TAL_2,TAL_2.0
TTTCAGTCAGACAAAT,PT_4,PT_4.3
TTTCAGTCATAGATGA,PT_4,PT_4.0
TTTCATGCATGACACT,TAL_2,TAL_2.0
TTTCATGTCCTATTGT,TAL_2,TAL_2.0
TTTCCTCAGGAACGAA,TAL_2,TAL_2.0
TTTCGATCACGGTGCT,TAL_2,TAL_2.0
TTTGACTCAGTCTTCC,TAL_2,TAL_2.0
TTTGATCCACGGTAGA,TAL_2,TAL_2.0
TTTGATCGTCTGTCAA,PT_4,PT_4.0
TTTGATCTCGCGAAGA,TAL_2,TAL_2.0
TTTGTTGCAAACCGGA,TAL_2,TAL_2.0
TTTGTTGTCCGTAATG,DCT_1,DCT_1.1
