"","RNA_snn_res.0.1","RNA_snn_res.0.2","RNA_snn_res.0.3","RNA_snn_res.0.4","RNA_snn_res.0.5","RNA_snn_res.0.6","RNA_snn_res.0.7","RNA_snn_res.0.8","RNA_snn_res.0.9","RNA_snn_res.1","seurat_clusters"
"AAACCCAAGGAAAGGT","2","2","2","2","4","2","2","2","3","2","4"
"AAACGAAAGAATCCCT","2","2","2","2","2","2","2","2","3","2","2"
"AAACGAAAGCTCCGAC","2","2","2","2","2","2","2","2","3","2","2"
"AAAGGATAGTGCTCGC","2","2","2","2","2","2","2","2","3","2","2"
"AAAGGATCACAGTCGC","2","2","2","2","2","2","2","2","3","2","2"
"AAAGGGCCAACCGGAA","3","3","4","4","0","6","6","6","7","7","0"
"AAAGGGCGTACAAGTA","3","3","4","4","0","6","6","6","7","7","0"
"AAAGGGCGTATGAAGT","2","4","5","5","1","4","7","7","5","8","1"
"AAAGGGCTCAAGCCAT","3","3","4","4","0","6","6","6","7","7","0"
"AAAGGGCTCCCTCGAT","2","2","2","2","3","2","2","2","3","2","3"
"AAAGGTATCTCCACTG","2","2","2","2","3","2","2","2","3","2","3"
"AAAGGTATCTCTGCTG","2","2","2","2","2","2","2","2","3","2","2"
"AAATGGAAGCACACCC","2","2","2","2","2","2","2","2","3","2","2"
"AAATGGACAGCTGTAT","2","8","9","9","6","10","11","11","11","12","6"
"AAATGGATCCACGTCT","2","2","2","2","2","2","2","2","3","2","2"
"AACAAAGGTGGGCTCT","2","4","5","5","1","4","7","7","5","8","1"
"AACACACGTCAAGGCA","2","8","9","9","6","10","11","11","11","12","6"
"AACCAACTCTCGGTCT","2","2","2","2","1","4","7","2","5","8","1"
"AACCACAGTTTGGGAG","2","4","5","5","1","4","7","7","5","8","1"
"AACCATGGTCGTTTCC","3","3","4","4","0","6","6","6","7","7","0"
"AACCATGTCGTGTCAA","2","4","5","5","1","4","7","7","5","8","1"
"AACCTGAAGGCTGGAT","2","4","5","5","1","4","7","7","5","8","1"
"AACCTGATCAGTGTCA","3","3","4","4","0","6","6","6","7","7","0"
"AACCTTTGTAGACGGT","2","4","5","5","1","4","7","7","5","8","1"
"AACGGGAAGTTGAAAC","2","2","2","2","3","2","2","2","3","2","3"
"AACGGGACATAACAGA","2","2","2","2","4","2","2","2","3","2","4"
"AACGTCACAACACAGG","2","2","2","2","2","2","2","2","3","2","2"
"AAGAACAAGGTGCTTT","2","2","2","2","2","2","2","2","3","2","2"
"AAGACAAGTCCCGGTA","2","4","5","5","1","4","7","7","5","8","1"
"AAGACAATCCTCTTTC","2","2","2","2","4","2","2","2","3","2","4"
"AAGACAATCCTGGCTT","2","2","2","2","4","2","2","2","3","2","4"
"AAGCATCCAAGAGATT","2","2","2","2","3","2","2","2","3","2","3"
"AAGCATCCAGTTTGGT","3","3","4","4","0","6","6","6","7","7","0"
"AAGCATCTCTCCTACG","2","2","2","2","2","2","2","2","3","2","2"
"AAGGAATCACGGCTAC","2","2","2","2","4","2","2","2","3","2","4"
"AAGGAATCAGACCTGC","2","2","2","2","4","2","2","2","3","2","4"
"AAGTACCCAACGCATT","2","4","5","5","1","4","7","7","5","8","1"
"AAGTGAACACACCTAA","2","2","2","2","3","2","2","2","3","2","3"
"AAGTGAAGTACCGTCG","2","4","5","5","1","4","7","7","5","8","1"
"AAGTTCGCAAACGAGC","2","2","2","2","3","4","2","2","5","2","3"
"AAGTTCGGTAGACTGG","2","2","2","2","3","4","2","2","5","2","3"
"AATAGAGTCGGCGATC","2","2","2","2","4","2","2","2","3","2","4"
"AATCACGCACAAGCAG","2","2","2","2","4","2","2","2","3","2","4"
"AATCACGCACTCCGAG","2","2","2","2","3","2","2","2","3","2","3"
"AATCGACGTTGTAGCT","2","2","2","2","4","2","2","2","3","2","4"
"AATCGTGGTCATATGC","3","3","4","4","0","6","6","6","7","7","0"
"AATGAAGAGGGCAACT","2","2","2","2","4","2","2","2","3","2","4"
"AATGAAGTCACGAACT","2","2","2","2","3","2","2","2","3","2","3"
"AATGGAACATATGAAG","2","2","2","2","2","2","2","2","3","2","2"
"AATTCCTAGACTCAAA","2","2","2","2","2","2","2","2","3","2","2"
"AATTCCTCATGACTGT","2","2","2","2","2","2","2","2","3","2","2"
"ACAAAGACATCCGAGC","2","2","2","2","2","2","2","2","3","2","2"
"ACAAGCTCAGTGGCTC","2","2","2","2","3","2","2","2","3","2","3"
"ACAAGCTTCTGGACTA","2","2","2","2","4","2","2","2","3","2","4"
"ACACCAAGTTCAGCTA","2","4","5","5","1","4","7","7","5","8","1"
"ACACTGAAGTCGCTAT","3","3","4","4","0","6","6","6","7","7","0"
"ACACTGATCTCTAAGG","2","4","5","5","1","4","7","7","5","8","1"
"ACAGAAACAAAGACTA","2","4","5","5","1","4","7","7","5","8","1"
"ACAGAAACAGCGTGAA","3","3","4","4","0","6","6","6","7","7","0"
"ACAGCCGCACCTTCCA","3","3","4","4","0","6","6","6","7","7","0"
"ACAGCCGTCGAAGCCC","2","2","2","2","3","2","2","2","3","2","3"
"ACAGGGACAAATGAAC","3","3","4","4","0","6","6","6","7","7","0"
"ACAGGGATCCACATAG","3","3","4","4","0","6","6","6","7","7","0"
"ACATTTCCATGACAGG","3","3","4","4","0","6","6","6","7","7","0"
"ACCAAACAGCAGCCCT","3","3","4","4","0","6","6","6","7","7","0"
"ACCAAACCAAGACGGT","2","2","2","2","4","2","2","2","3","2","4"
"ACCACAATCTCACTCG","2","2","2","2","2","2","2","2","3","2","2"
"ACCCAAAAGGTCCAGA","3","3","4","4","0","6","6","6","7","7","0"
"ACCCAAATCGTAGTGT","3","3","4","4","0","6","6","6","7","7","0"
"ACCCTTGAGTTGGACG","2","2","2","2","2","2","2","2","3","2","2"
"ACCGTTCTCACAAGGG","2","2","2","2","2","2","2","2","3","2","2"
"ACCGTTCTCCATTGTT","5","7","8","8","5","9","10","10","10","11","5"
"ACCGTTCTCGTTCTGC","2","2","2","2","2","2","2","2","3","2","2"
"ACCTGAACACAGCGCT","2","4","5","5","1","4","7","7","5","8","1"
"ACCTGTCCATTGAGCT","3","3","4","4","0","6","6","6","7","7","0"
"ACGATCAAGCTTGTGT","3","3","4","4","0","6","6","6","7","7","0"
"ACGATGTCAAATTGCC","3","3","4","4","0","6","6","6","7","7","0"
"ACGATGTGTCGTGTTA","3","3","4","4","0","6","6","6","7","7","0"
"ACGATGTGTTGCATCA","3","3","4","4","0","6","6","6","7","7","0"
"ACGATGTTCAGCACCG","2","2","2","2","4","2","2","2","3","2","4"
"ACGATGTTCCGGTAAT","2","4","5","5","1","4","7","7","5","8","1"
"ACGCACGTCGCACTCT","2","2","2","2","3","2","2","2","3","2","3"
"ACGGTCGGTTGTGGAG","3","3","4","4","0","6","6","6","7","7","0"
"ACGGTCGTCTTTCGAT","2","2","2","2","2","2","2","2","3","2","2"
"ACGTACAAGTGCAGGT","2","4","5","5","1","4","7","7","5","8","1"
"ACGTCCTCAGCTGTGC","2","8","9","9","6","10","11","11","11","12","6"
"ACGTTCCAGGTGCTAG","3","3","4","4","0","6","6","6","7","7","0"
"ACGTTCCGTAGACGGT","3","3","4","4","0","6","6","6","7","7","0"
"ACGTTCCTCCACATAG","3","3","4","4","0","6","6","6","7","7","0"
"ACTACGAGTAGACGGT","2","2","2","2","2","2","2","2","3","2","2"
"ACTACGAGTCGCCTAG","3","3","4","4","0","6","6","6","7","7","0"
"ACTACGATCTGGCCGA","3","3","4","4","0","6","6","6","7","7","0"
"ACTATCTGTGTATCCA","3","3","4","4","0","6","6","6","7","7","0"
"ACTATGGCAGACGGAT","3","3","4","4","0","6","6","6","7","7","0"
"ACTATGGCATCACAGT","2","2","2","2","3","4","2","2","5","2","3"
"ACTATGGTCGAGATGG","2","2","2","2","1","4","2","2","5","2","1"
"ACTCCCACAATCTCTT","2","2","2","2","2","2","2","2","3","2","2"
"ACTCCCAGTAGTCTTG","2","2","2","2","3","2","2","2","3","2","3"
"ACTCCCAGTCGGATTT","2","2","2","2","2","2","2","2","3","2","2"
"ACTCCCATCAACTGGT","2","2","2","2","2","2","2","2","3","2","2"
"ACTCTCGTCGCTAATG","2","2","2","2","4","2","2","2","3","2","4"
"ACTGATGTCGCCGAAC","2","2","2","2","2","2","2","2","3","2","2"
"ACTGTGAAGGGACCAT","3","3","4","4","0","6","6","6","7","7","0"
"ACTGTGAGTATCCTTT","2","2","2","2","3","2","2","2","3","2","3"
"ACTTAGGCAAGTACCT","3","3","4","4","0","6","6","6","7","7","0"
"ACTTATCTCGTCTAAG","2","2","2","2","2","2","2","2","3","2","2"
"ACTTCCGTCTTAGCCC","2","2","2","2","2","2","2","2","3","2","2"
"ACTTTCACAAGGTCAG","2","4","5","5","1","4","7","7","5","8","1"
"ACTTTCACACTTCCTG","3","3","4","4","0","6","6","6","7","7","0"
"ACTTTGTTCTCTCAAT","2","2","2","2","3","2","2","2","3","2","3"
"AGAAATGTCAGCTAGT","2","4","5","5","1","4","7","7","5","8","1"
"AGAACAACAGTCGCTG","3","3","4","4","0","6","6","6","7","7","0"
"AGAACCTAGCAATAGT","2","2","2","2","2","2","2","2","3","2","2"
"AGAAGTACACTGCGAC","2","2","2","2","3","2","2","2","3","2","3"
"AGACAGGCATTCTGTT","2","2","2","2","2","2","2","2","3","2","2"
"AGACCATGTTAAGACA","2","2","2","2","2","2","2","2","3","2","2"
"AGACCCGCATCTGCGG","2","4","5","5","1","4","7","7","5","8","1"
"AGATCCAAGCCTGAAG","3","3","4","4","0","6","6","6","7","7","0"
"AGATCCACACCAGGTC","2","2","2","2","4","2","2","2","3","2","4"
"AGCCAATAGGCTAACG","2","2","2","2","4","2","2","2","3","2","4"
"AGCCAATCATCTTAGG","2","2","2","2","2","2","2","2","3","2","2"
"AGCCACGAGTAGAATC","2","2","2","2","2","2","2","2","3","2","2"
"AGCGATTAGGATTTAG","2","2","2","2","2","2","2","2","3","2","2"
"AGCGCCATCCTCACTG","2","2","2","2","2","2","2","2","3","2","2"
"AGCGCCATCGTTCAGA","3","3","4","4","0","6","6","6","7","7","0"
"AGCGCTGAGACTTAAG","2","8","9","9","6","10","11","11","11","12","6"
"AGCGTATCACATTACG","2","2","2","2","2","2","2","2","3","2","2"
"AGCGTCGCAACGGGTA","2","2","2","2","4","2","2","2","3","2","4"
"AGCTCAAAGAATTTGG","2","2","2","2","3","2","2","2","3","2","3"
"AGCTCAACAGGGTTGA","2","2","2","2","3","2","2","2","3","2","3"
"AGGAATAGTTTCAGAC","2","2","2","2","3","2","2","2","3","2","3"
"AGGACGAAGTGGTGAC","2","2","2","2","2","2","2","2","3","2","2"
"AGGACTTGTCAACATC","2","4","5","5","1","4","7","7","5","8","1"
"AGGAGGTAGCTCTATG","3","3","4","4","0","6","6","6","7","7","0"
"AGGCATTGTCCAGTTA","2","4","5","5","1","4","7","7","5","8","1"
"AGGCCACAGGTAGACC","2","4","5","5","1","4","7","7","5","8","1"
"AGGCCACCACGTACAT","2","4","5","5","1","4","7","7","5","8","1"
"AGGCTGCCAGACGATG","3","3","4","4","0","6","6","6","7","7","0"
"AGGCTGCGTCGAATTC","5","7","8","8","5","9","10","10","10","11","5"
"AGGGAGTGTGGACCAA","2","4","5","5","1","4","7","7","5","8","1"
"AGGGCCTGTCATAAAG","3","3","4","4","0","6","6","6","7","7","0"
"AGGGTCCCACTTGTGA","2","2","2","2","3","4","2","2","5","2","3"
"AGGGTGAGTAGACTGG","2","4","5","5","1","4","7","7","5","8","1"
"AGGGTTTAGCCTAACT","2","2","2","2","3","4","2","2","5","2","3"
"AGGTAGGTCCGGGACT","2","2","2","2","2","2","2","2","3","2","2"
"AGGTCATCAGAGTCTT","2","2","2","2","2","2","2","2","3","2","2"
"AGGTCTAGTCAATCTG","2","2","2","2","3","4","2","2","5","2","3"
"AGGTTACAGTAAACGT","2","2","2","2","2","2","2","2","3","2","2"
"AGGTTGTCAAGAAATC","2","2","2","2","2","2","2","2","3","2","2"
"AGTAGCTCAGAATGTA","2","2","2","2","3","2","2","2","3","2","3"
"AGTAGCTGTATCGCTA","2","4","5","5","1","4","7","7","5","8","1"
"AGTAGTCTCTTACGTT","2","2","2","2","3","2","2","2","3","2","3"
"AGTCAACCAAAGGGTC","2","2","2","2","3","4","2","2","5","2","3"
"AGTCAACCAGCTTCGG","2","2","2","2","2","2","2","2","3","2","2"
"AGTCAACTCACCACAA","2","4","5","5","1","4","7","7","5","8","1"
"AGTCATGAGGCATGGT","2","2","2","2","2","2","2","2","3","2","2"
"AGTCATGCAGCTACAT","2","2","2","2","3","2","2","2","3","2","3"
"AGTCATGCATTGAAGA","3","3","4","4","0","6","6","6","7","7","0"
"AGTCATGGTCGACGCT","2","2","2","2","2","2","2","2","3","2","2"
"AGTCATGGTGTGCCTG","2","4","5","5","1","4","7","7","5","8","1"
"AGTCATGTCTAAACGC","2","8","9","9","6","10","11","11","11","12","6"
"AGTCTCCAGTGCGTCC","2","4","5","5","1","4","7","7","5","8","1"
"AGTCTCCTCAGGTAAA","2","4","5","5","1","4","7","7","5","8","1"
"AGTTCCCCAAATCGTC","3","3","4","4","0","6","6","6","7","7","0"
"ATAGAGAGTGAATATG","2","2","2","2","2","2","2","2","3","2","2"
"ATAGGCTGTTCGATTG","2","2","2","2","4","2","2","2","3","2","4"
"ATAGGCTTCAGCTGTA","2","2","2","2","4","2","2","2","3","2","4"
"ATAGGCTTCGAGAAAT","2","2","2","2","2","2","2","2","3","2","2"
"ATCACTTTCTTGGCTC","2","2","2","2","2","2","2","2","3","2","2"
"ATCATTCGTTCCCAAA","2","4","5","5","1","4","7","7","5","8","1"
"ATCGTAGCAAGGCCTC","2","4","5","5","1","4","7","7","5","8","1"
"ATCGTAGCACAGCCTG","2","4","5","5","1","4","7","7","5","8","1"
"ATCGTCCGTTCAAGTC","2","4","5","5","1","4","7","7","5","8","1"
"ATCGTGATCGCGAAGA","2","2","2","2","3","2","2","2","3","2","3"
"ATCTTCACAAGCGCAA","2","2","2","2","2","2","2","2","3","2","2"
"ATGAAAGAGAAGGATG","2","2","2","2","3","2","2","2","3","2","3"
"ATGAAAGAGATGTTGA","2","4","5","5","1","4","7","7","5","8","1"
"ATGAAAGGTGGCCTCA","2","8","9","9","6","10","11","11","11","12","6"
"ATGACCAAGACGCAGT","2","2","2","2","4","2","2","2","3","2","4"
"ATGACCATCCACGTGG","2","2","2","2","3","2","2","2","3","2","3"
"ATGCATGAGAGGCGGA","2","4","5","5","1","4","7","7","5","8","1"
"ATGCATGCAATCACGT","2","2","2","2","2","2","2","2","3","2","2"
"ATGCATGGTTGAAGTA","2","2","2","2","4","2","2","2","3","2","4"
"ATGCGATTCTGTTCAT","2","4","5","5","1","4","7","7","5","8","1"
"ATGGAGGTCCCGATCT","5","7","8","8","5","9","10","10","10","11","5"
"ATGGATCAGAAATTGC","2","2","2","2","4","2","2","2","3","2","4"
"ATGGGAGGTTGACTAC","2","2","2","2","2","2","2","2","3","2","2"
"ATGGGTTGTCATCGCG","3","3","4","4","0","6","6","6","7","7","0"
"ATGGTTGCACGCTTAA","3","3","4","4","0","6","6","6","7","7","0"
"ATGTCTTTCTCACCCA","2","2","2","2","3","2","2","2","3","2","3"
"ATTACCTGTCATAAAG","2","4","5","5","1","4","7","7","5","8","1"
"ATTATCCCAAAGCACG","2","2","2","2","3","2","2","2","3","2","3"
"ATTCACTCATAACCCA","2","2","2","2","4","2","2","2","3","2","4"
"ATTCACTCATATGGCT","3","3","4","4","0","6","6","6","7","7","0"
"ATTCACTGTGACAACG","3","3","4","4","0","6","6","6","7","7","0"
"ATTCAGGTCTGATGGT","2","2","2","2","2","2","2","2","3","2","2"
"ATTCCATAGGTCCGAA","3","3","4","4","3","6","6","6","7","7","3"
"ATTCCATGTATTGGCT","2","4","5","5","1","4","7","7","5","8","1"
"ATTCCATTCCCTCGAT","2","2","2","2","3","2","2","2","3","2","3"
"ATTCCATTCTAGCATG","2","2","2","2","2","2","2","2","3","2","2"
"ATTCCCGCATGACTAC","2","2","2","2","3","2","2","2","3","2","3"
"ATTCCCGGTCACCGAC","2","4","5","5","1","4","7","7","5","8","1"
"ATTCGTTAGAATGTTG","2","2","2","2","3","4","2","2","5","2","3"
"ATTCGTTGTCAAGCGA","2","2","2","2","4","2","2","2","3","2","4"
"ATTCTACTCAAGTCTG","2","2","2","2","2","2","2","2","3","2","2"
"ATTGGGTCAGCGGTTC","2","2","2","2","2","2","2","2","3","2","2"
"ATTGTTCCAACAACAA","2","4","5","5","1","4","7","7","5","8","1"
"ATTTACCCATGGCACC","2","2","2","2","3","2","2","2","3","2","3"
"ATTTACCTCTGCATGA","2","4","5","5","1","4","7","7","5","8","1"
"ATTTCTGAGAGCAGAA","2","4","5","5","1","4","7","7","5","8","1"
"CAAAGAATCGAGCTGC","3","3","4","4","0","6","6","6","7","7","0"
"CAACAGTTCCTATTGT","2","8","9","9","6","10","11","11","11","12","6"
"CAACGATAGAGGTGCT","2","8","9","9","6","10","11","11","11","12","6"
"CAACGATCAAGTCCAT","3","3","4","4","0","6","6","6","7","7","0"
"CAACGGCGTGGCTGAA","2","4","5","5","1","4","7","7","5","8","1"
"CAAGACTCACCTCGTT","3","3","4","4","0","6","6","6","7","7","0"
"CAAGGGAAGAAGTATC","2","8","9","9","6","10","11","11","11","12","6"
"CAAGGGAGTTTCGTGA","3","3","4","4","0","6","6","6","7","7","0"
"CAATCGATCCTAACAG","2","2","2","2","4","2","2","2","3","2","4"
"CAATGACTCTGGGCAC","3","3","4","4","0","6","6","6","7","7","0"
"CAATTTCTCCAAGAGG","3","3","4","4","0","6","6","6","7","7","0"
"CACATGAAGACTTCCA","2","2","2","2","2","2","2","2","3","2","2"
"CACCAAAAGGGCAGTT","2","4","5","5","1","4","7","7","5","8","1"
"CACGTTCGTAGACAAT","2","2","2","2","4","2","2","2","3","2","4"
"CACTAAGGTGGTTCTA","2","4","5","5","1","4","7","7","5","8","1"
"CACTAAGTCGAAACAA","5","7","8","8","5","9","10","10","10","11","5"
"CACTGGGAGACGAAGA","3","3","4","4","0","6","6","6","7","7","0"
"CACTGTCGTGGCAACA","2","2","2","2","4","2","2","2","3","2","4"
"CAGAGCCAGCACGTCC","2","4","5","5","1","4","7","7","5","8","1"
"CAGATACGTCCGGCAT","2","2","2","2","3","4","2","2","5","2","3"
"CAGCAATCAATAGTAG","3","3","4","4","0","6","6","6","7","7","0"
"CAGCAATCAATGAGCG","2","2","2","2","2","2","2","2","3","2","2"
"CAGCACGCACAATGAA","3","3","4","4","0","6","6","6","7","7","0"
"CAGCACGTCCAACCAA","2","2","2","2","3","2","2","2","3","2","3"
"CAGCAGCCAGAACTCT","2","4","5","5","1","4","7","7","5","8","1"
"CAGCCAGGTGCAATAA","5","7","8","8","5","9","10","10","10","11","5"
"CAGCCAGGTGGCACTC","2","2","2","2","4","2","2","2","3","2","4"
"CAGGCCACAATGACCT","2","2","2","2","2","2","2","2","3","2","2"
"CAGGGCTAGGCCTAAG","2","2","2","2","2","2","2","2","3","2","2"
"CAGGGCTTCCTCTGCA","2","2","2","2","3","2","2","2","3","2","3"
"CATACAGTCCTGGTCT","3","3","4","4","0","6","6","6","7","7","0"
"CATACCCAGACCATTC","2","2","2","2","3","2","2","2","3","2","3"
"CATACCCTCGACGATT","2","4","5","5","1","4","7","7","5","8","1"
"CATACTTTCTCAGTCC","2","4","5","5","1","4","7","7","5","8","1"
"CATAGACCACGTAGAG","3","3","4","4","0","6","6","6","7","7","0"
"CATAGACCATCGATAC","2","2","2","2","3","4","2","2","5","2","3"
"CATCAAGTCCTAGCGG","3","3","4","4","0","6","6","6","7","7","0"
"CATCGCTAGTCGCCAC","2","2","2","2","2","2","2","2","3","2","2"
"CATCGGGCATCAGTGT","2","2","2","2","2","2","2","2","3","2","2"
"CATGCAATCGCCAGTG","2","4","5","5","1","4","7","7","5","8","1"
"CATGCCTAGCTTTGTG","2","4","5","5","1","4","7","7","5","8","1"
"CATGGATGTTGGCCTG","5","7","8","8","5","9","10","10","10","11","5"
"CATGGATTCAAGTGTC","2","4","5","5","1","4","7","7","5","8","1"
"CATTCATAGGTTGGTG","2","2","2","2","4","2","2","2","3","2","4"
"CATTGAGCACACAGCC","2","4","5","5","1","4","7","7","5","8","1"
"CATTGAGGTACTCAAC","2","4","5","5","1","4","7","7","5","8","1"
"CATTGAGGTGGATCAG","3","3","4","4","0","6","6","6","7","7","0"
"CATTGTTGTAAGCGGT","2","2","2","2","2","2","2","2","3","2","2"
"CATTTCAGTCCATAGT","5","7","8","8","5","9","10","10","10","11","5"
"CCAAGCGCAGATCCAT","2","4","5","5","1","4","7","7","5","8","1"
"CCAAGCGGTCTCTCCA","2","2","2","2","4","2","2","2","3","2","4"
"CCAATGAAGCTACAAA","2","4","5","5","1","4","7","7","5","8","1"
"CCAATGACACGCCACA","3","3","4","4","0","6","6","6","7","7","0"
"CCAATTTTCATTCGGA","3","3","4","4","0","6","6","6","7","7","0"
"CCACGTTAGGGACCAT","2","4","5","5","1","4","7","7","5","8","1"
"CCATAAGTCGTTGTGA","2","2","2","2","2","2","2","2","3","2","2"
"CCATCACAGAAGTATC","3","3","4","4","0","6","6","6","7","7","0"
"CCATCACAGACATCAA","2","2","2","2","3","4","2","2","5","2","3"
"CCATCACAGCCAGACA","3","3","4","4","0","6","6","6","7","7","0"
"CCATCACTCTTAGTTC","2","2","2","2","2","2","2","2","3","2","2"
"CCCTAACAGCTCATAC","3","3","4","4","0","6","6","6","7","7","0"
"CCCTCTCGTCGATGCC","3","3","4","4","0","6","6","6","7","7","0"
"CCCTCTCTCACCTTAT","3","3","4","4","0","6","6","6","7","7","0"
"CCCTTAGGTCTGGTTA","2","4","5","5","1","4","7","7","5","8","1"
"CCGATCTAGCGCCATC","2","4","5","5","1","4","7","7","5","8","1"
"CCGATGGAGTTCGGTT","5","7","8","8","5","9","10","10","10","11","5"
"CCGCAAGAGAGCAACC","2","2","2","2","2","2","2","2","3","2","2"
"CCGCAAGAGATCACCT","3","3","4","4","0","6","6","6","7","7","0"
"CCGGACATCCCGAATA","2","2","2","2","2","2","2","2","3","2","2"
"CCGGTGACACCAGCGT","3","3","4","4","0","6","6","6","7","7","0"
"CCGTAGGAGCTGCGAA","2","2","2","2","2","2","2","2","3","2","2"
"CCGTAGGGTCGCCACA","2","4","5","5","1","4","7","7","5","8","1"
"CCTACGTAGATGGCGT","3","3","4","4","0","6","6","6","7","7","0"
"CCTACGTGTTTCTATC","2","2","2","2","2","2","2","2","3","2","2"
"CCTATCGTCTGCTTAT","2","8","9","9","6","10","11","11","11","12","6"
"CCTCAACCACAGAAGC","2","4","5","5","1","4","7","7","5","8","1"
"CCTCAACCAGATCCAT","3","3","4","4","0","6","6","6","7","7","0"
"CCTCAACGTTCTTGCC","2","2","2","2","4","2","2","2","3","2","4"
"CCTCATGGTAGTACGG","2","2","2","2","3","2","2","2","3","2","3"
"CCTCATGTCGCATTGA","3","3","4","4","0","6","6","6","7","7","0"
"CCTCTAGAGTTACGTC","2","2","2","2","4","2","2","2","3","2","4"
"CCTCTCCAGGGAGGGT","2","2","2","2","2","2","2","2","3","2","2"
"CCTCTCCCAGACCGCT","2","2","2","2","3","2","2","2","3","2","3"
"CCTCTCCCAGCAGAAC","2","2","2","2","3","4","2","2","5","2","3"
"CCTCTCCTCACTCACC","2","2","2","2","3","2","2","2","3","2","3"
"CCTGCATCATGACAGG","2","2","2","2","2","2","2","2","3","2","2"
"CCTGTTGAGCTAGTTC","2","2","2","2","4","2","2","2","3","2","4"
"CCTGTTGAGGTCGTAG","3","3","4","4","0","6","6","6","7","7","0"
"CCTGTTGGTATGAAGT","2","2","2","2","3","2","2","2","3","2","3"
"CCTGTTGGTGACACGA","3","3","4","4","0","6","6","6","7","7","0"
"CCTTCAGTCCCGGTAG","2","2","2","2","2","2","2","2","3","2","2"
"CGAAGTTTCTGAGCAT","2","2","2","2","2","2","2","2","3","2","2"
"CGACAGCTCGAAGAAT","3","3","4","4","3","6","6","6","7","7","3"
"CGAGAAGAGCAAACAT","2","4","5","5","1","4","7","7","5","8","1"
"CGAGGAAAGTAACGAT","2","2","2","2","3","2","2","2","3","2","3"
"CGAGGCTCAGCGACAA","2","2","2","2","2","2","2","2","3","2","2"
"CGAGGCTCAGTACTAC","2","4","5","5","1","4","7","7","5","8","1"
"CGAGTGCCAACGGTAG","3","3","4","4","0","6","6","6","7","7","0"
"CGATCGGAGCACTGGA","2","2","2","2","3","2","2","2","3","2","3"
"CGATGCGAGCATGATA","3","3","4","4","0","6","6","6","7","7","0"
"CGATGGCGTGGCACTC","2","2","2","2","2","2","2","2","3","2","2"
"CGCAGGTTCGCGCTGA","2","2","2","2","4","2","2","2","3","2","4"
"CGCGTGAGTTGGGATG","2","8","9","9","6","10","11","11","11","12","6"
"CGGAGAAAGCAATAAC","2","2","2","2","4","2","2","2","3","2","4"
"CGGGACTAGTGCAAAT","2","2","2","2","4","2","2","2","3","2","4"
"CGGGACTCAGTATTCG","2","2","2","2","2","2","2","2","3","2","2"
"CGGGCATCATGGTACT","2","2","2","2","4","2","2","2","3","2","4"
"CGGGTCACAATATCCG","2","2","2","2","2","2","2","2","3","2","2"
"CGGTCAGTCGATCCCT","2","2","2","2","3","2","2","2","3","2","3"
"CGTAAGTTCTGACGCG","2","2","2","2","4","2","2","2","3","2","4"
"CGTAATGTCCGTATGA","2","2","2","2","2","2","2","2","3","2","2"
"CGTGAATAGATGGTCG","2","8","9","9","6","10","11","11","11","12","6"
"CGTGAATCAAACGGCA","2","2","2","2","4","2","2","2","3","2","4"
"CGTGATACAATGGCAG","2","4","5","5","1","4","7","7","5","8","1"
"CGTGCTTAGTAGTCCT","2","8","9","9","6","10","11","11","11","12","6"
"CGTTAGAGTATGAGGC","2","2","2","2","2","2","2","2","3","2","2"
"CTAACCCAGAGGTGCT","2","2","2","2","3","2","2","2","3","2","3"
"CTAAGTGGTAGTTCCA","2","2","2","2","2","2","2","2","3","2","2"
"CTAAGTGTCATCGCAA","2","2","2","2","2","2","2","2","3","2","2"
"CTACATTCAACGCATT","2","2","2","2","3","4","2","2","5","2","3"
"CTACATTCAAGACTGG","2","4","5","5","1","4","7","7","5","8","1"
"CTACCTGTCACCATGA","5","7","8","8","5","9","10","10","10","11","5"
"CTAGACAAGCAATTAG","2","2","2","2","3","2","2","2","3","2","3"
"CTAGACACAAATGATG","5","7","8","8","5","9","10","10","10","11","5"
"CTAGACAGTCCGAAAG","2","2","2","2","2","2","2","2","3","2","2"
"CTAGACATCGCTCTCA","2","2","2","2","2","2","2","2","3","2","2"
"CTAGACATCTGCCTGT","2","4","5","5","1","4","7","7","5","8","1"
"CTAGGTAGTTCTCGTC","2","2","2","2","4","2","2","2","3","2","4"
"CTATCCGCAGAGTTCT","2","2","2","2","2","2","2","2","3","2","2"
"CTATCCGCAGCGCGTT","2","2","2","2","2","2","2","2","3","2","2"
"CTATCTAAGGAGCAAA","2","8","9","9","6","10","11","11","11","12","6"
"CTATCTACAGACAAGC","2","2","2","2","3","4","2","2","5","2","3"
"CTATCTAGTATGTCAC","2","2","2","2","2","2","2","2","3","2","2"
"CTCAACCTCATTGCGA","2","2","2","2","3","3","2","2","4","2","3"
"CTCAAGAGTGTTCGTA","2","2","2","2","3","2","2","2","3","2","3"
"CTCAATTAGAGCAACC","2","4","5","5","1","4","7","7","5","8","1"
"CTCACTGGTCGTGTTA","2","4","5","5","1","4","7","7","5","8","1"
"CTCAGAAGTACATACC","3","3","4","4","0","6","6","6","7","7","0"
"CTCAGGGCACGTCTCT","2","2","2","2","4","2","2","2","3","2","4"
"CTCATCGCAACCAACT","2","2","2","2","3","4","2","2","5","2","3"
"CTCATCGCAAGACGGT","2","4","5","5","1","4","7","7","5","8","1"
"CTCCACAAGGGTCTTT","2","2","2","2","2","2","2","2","3","2","2"
"CTCCATGGTGGTCAAG","2","2","2","2","2","2","2","2","3","2","2"
"CTCCCAACATGGGATG","2","2","2","2","4","2","2","2","3","2","4"
"CTCCGATCAATACGAA","2","2","2","2","2","2","2","2","3","2","2"
"CTCCTTTAGGTTGCCC","2","2","2","2","2","2","2","2","3","2","2"
"CTCGAGGAGGATATAC","2","2","2","2","4","2","2","2","3","2","4"
"CTCGAGGAGGATGGCT","2","4","5","5","1","4","7","7","5","8","1"
"CTCTCGAAGTGCCTCG","2","2","2","2","4","2","2","2","3","2","4"
"CTCTCGACACAAGCCC","2","2","2","2","2","2","2","2","3","2","2"
"CTCTCGATCCTACGAA","3","3","4","4","0","6","6","6","7","7","0"
"CTCTCGATCTGGGTCG","2","2","2","2","4","2","2","2","3","2","4"
"CTCTGGTAGGATTCCT","2","4","5","5","1","4","7","7","5","8","1"
"CTGAGCGAGTTCGGTT","2","2","2","2","2","2","2","2","3","2","2"
"CTGAGGCGTACCTAGT","2","2","2","2","4","2","2","2","3","2","4"
"CTGAGGCGTCGATTAC","5","7","8","8","5","9","10","10","10","11","5"
"CTGAGGCTCCCGAAAT","2","2","2","2","4","2","2","2","3","2","4"
"CTGATCCTCTTTCTAG","3","3","4","4","0","6","6","6","7","7","0"
"CTGCATCGTAACAGTA","2","2","2","2","4","2","2","2","3","2","4"
"CTGCCATTCGACCTAA","3","3","4","4","0","6","6","6","7","7","0"
"CTGCGAGAGCATCGAG","3","3","4","4","0","6","6","6","7","7","0"
"CTGCGAGGTCGCCTAG","2","2","2","2","4","2","2","2","3","2","4"
"CTGCTCAAGCGTTAGG","2","2","2","2","3","2","2","2","3","2","3"
"CTGCTCATCCTCGCAT","2","2","2","2","3","2","2","2","3","2","3"
"CTGGCAGAGCCGCTTG","2","2","2","2","2","2","2","2","3","2","2"
"CTGGCAGCAAGCCATT","3","3","4","4","0","6","6","6","7","7","0"
"CTGTAGATCCTGCTAC","2","4","5","5","1","4","7","7","5","8","1"
"CTGTCGTCAGTCACGC","5","7","8","8","5","9","10","10","10","11","5"
"CTGTCGTGTGCGCTCA","5","7","8","8","5","9","10","10","10","11","5"
"CTGTGGGTCCGAGAAG","2","4","5","5","1","4","7","7","5","8","1"
"CTTCAATCAACCTAAC","2","2","2","2","2","2","2","2","3","2","2"
"CTTCCGAGTTACGATC","2","8","9","9","6","10","11","11","11","12","6"
"CTTCCTTCACAAATCC","2","4","5","5","1","4","7","7","5","8","1"
"CTTCGGTCACCGTGCA","2","2","2","2","2","2","2","2","3","2","2"
"CTTCTAACACAAGCAG","2","2","2","2","2","2","2","2","3","2","2"
"CTTCTAAGTACAAAGT","3","3","4","4","0","6","6","6","7","7","0"
"CTTCTAAGTTGGCCTG","2","2","2","2","4","2","2","2","3","2","4"
"CTTGAGAAGTGGTTCT","2","2","2","2","2","2","2","2","3","2","2"
"CTTGATTAGGTACAGC","2","2","2","2","3","4","2","2","5","2","3"
"CTTGATTAGGTGATAT","2","2","2","2","2","2","2","2","3","2","2"
"CTTGATTAGTAGCCAG","2","2","2","2","2","2","2","2","3","2","2"
"CTTTCGGCACTCTCGT","2","2","2","2","3","2","2","2","3","2","3"
"CTTTCGGGTACCCAGC","2","2","2","2","3","2","2","2","3","2","3"
"CTTTCGGGTACCCGAC","2","2","2","2","4","2","2","2","3","2","4"
"CTTTCGGGTCAAAGTA","2","2","2","2","4","2","2","2","3","2","4"
"CTTTCGGGTGCGGTAA","2","2","2","2","2","2","2","2","3","2","2"
"GAACACTCAACCGTAT","3","3","4","4","0","6","6","6","7","7","0"
"GAACACTGTAACGGTG","2","2","2","2","2","2","2","2","3","2","2"
"GAACGTTAGTCAGCGA","3","3","4","4","0","6","6","6","7","7","0"
"GAACTGTGTTCAACGT","2","2","2","2","3","2","2","2","3","2","3"
"GAAGCGAGTATACAGA","2","2","2","2","4","2","2","2","3","2","4"
"GAAGGACGTGGCTGAA","2","2","2","2","4","2","2","2","3","2","4"
"GAAGGGTAGCAGCCTC","3","3","4","4","0","6","6","6","7","7","0"
"GAAGGGTTCACCTCAC","2","2","2","2","2","2","2","2","3","2","2"
"GAAGTAATCTAGCCTC","2","2","2","2","2","2","2","2","3","2","2"
"GAATAGACAGCGCTTG","2","2","2","2","4","2","2","2","3","2","4"
"GAATAGAGTTTCACTT","2","2","2","2","3","2","2","2","3","2","3"
"GAATCACCATAGAATG","2","4","5","5","1","4","7","7","5","8","1"
"GACACGCTCGGCATCG","2","2","2","2","3","2","2","2","3","2","3"
"GACAGCCCAAATACAG","3","3","4","4","0","6","6","6","7","7","0"
"GACAGCCGTTTACACG","3","3","4","4","0","6","6","6","7","7","0"
"GACCAATGTTTGATCG","2","4","5","5","0","4","7","7","5","8","0"
"GACCAATTCTATCCAT","2","4","5","5","1","4","7","7","5","8","1"
"GACCCAGGTCAACCAT","3","3","4","4","0","6","6","6","7","7","0"
"GACCCAGGTGCATTTG","3","3","4","4","3","6","6","6","7","7","3"
"GACCCTTCATAGAAAC","2","8","9","9","6","10","11","11","11","12","6"
"GACCCTTTCCCAGTGG","2","2","2","2","3","4","2","2","5","2","3"
"GACCGTGCATTGCTTT","2","2","2","2","3","2","2","2","3","2","3"
"GACCTTCGTATTTCTC","2","2","2","2","2","2","2","2","3","2","2"
"GACCTTCTCGACCACG","2","4","5","5","1","4","7","7","5","8","1"
"GACGCTGAGAGAGTTT","2","4","5","5","1","4","7","7","5","8","1"
"GACGTTACAGACCATT","2","4","5","5","1","4","7","7","5","8","1"
"GACTCTCCATTATGCG","2","2","2","2","3","2","2","2","3","2","3"
"GACTCTCTCATGACAC","2","4","5","5","1","4","7","7","5","8","1"
"GACTGATGTTGCCTAA","2","2","2","2","3","2","2","2","3","2","3"
"GACTTCCCACTAACGT","3","3","4","4","0","6","6","6","7","7","0"
"GACTTCCTCAAGTCTG","2","2","2","2","2","2","2","2","3","2","2"
"GAGAAATTCGGTCATA","2","2","2","2","2","2","2","2","3","2","2"
"GAGATGGAGACGATAT","2","2","2","2","4","2","2","2","3","2","4"
"GAGATGGGTCTCTCAC","2","4","5","5","1","4","7","7","5","8","1"
"GAGATGGGTGGATGAC","2","2","2","2","3","2","2","2","3","2","3"
"GAGCCTGCATATCGGT","2","2","2","2","2","2","2","2","3","2","2"
"GAGCCTGCATTCGGGC","2","2","2","2","3","2","2","2","3","2","3"
"GAGCTGCAGAAGTCAT","2","2","2","2","2","2","2","2","3","2","2"
"GAGGGATGTGTCGATT","3","3","4","4","0","6","6","6","7","7","0"
"GAGTGTTCATCGAACT","3","3","4","4","0","6","6","6","7","7","0"
"GAGTTACCATGCGGTC","2","2","2","2","3","4","2","2","5","2","3"
"GAGTTGTAGCTAATGA","2","8","9","9","6","10","11","11","11","12","6"
"GAGTTGTGTCGATGCC","2","4","5","5","1","4","7","7","5","8","1"
"GAGTTTGTCCTACCGT","5","7","8","8","5","9","10","10","10","11","5"
"GAGTTTGTCGGACAAG","2","2","2","2","3","4","2","2","5","2","3"
"GAGTTTGTCGTAGGGA","2","2","2","2","2","2","2","2","3","2","2"
"GATAGAAGTACCTGTA","2","4","5","5","1","4","7","7","5","8","1"
"GATCACATCTTCTCAA","2","4","5","5","1","4","7","7","5","8","1"
"GATCATGCAAAGGAGA","2","2","2","2","4","2","2","2","3","2","4"
"GATCCCTCACGGCGTT","2","4","5","5","1","4","7","7","5","8","1"
"GATGCTAGTCGTGCCA","3","3","4","4","0","6","6","6","7","7","0"
"GATGGAGTCACCTTAT","3","3","4","4","0","6","6","6","7","7","0"
"GATGTTGTCCTTTAGT","3","3","4","4","0","6","6","6","7","7","0"
"GATTCTTTCGCCGAAC","2","2","2","2","3","4","2","2","5","2","3"
"GATTGGTAGCCGTTAT","2","2","2","2","2","2","2","2","3","2","2"
"GATTTCTCACCTCAGG","2","2","2","2","4","2","2","2","3","2","4"
"GATTTCTGTTTGGAGG","2","4","5","5","1","4","7","7","5","8","1"
"GCAACATAGGGACAGG","3","3","4","4","0","6","6","6","7","7","0"
"GCAACATTCGAGCCTG","2","2","2","2","3","2","2","2","3","2","3"
"GCAACCGCACACAGCC","2","2","2","2","2","2","2","2","3","2","2"
"GCACATAAGATAGTCA","2","2","2","2","3","2","2","2","3","2","3"
"GCACGGTTCGTACACA","2","2","2","2","3","4","2","2","5","2","3"
"GCACGGTTCTTGTTAC","2","2","2","2","4","2","2","2","3","2","4"
"GCACGTGGTCCATCTC","2","2","2","2","3","2","2","2","3","2","3"
"GCACTAAAGGCGAAGG","3","3","4","4","0","6","6","6","7","7","0"
"GCACTAACATCCAATG","2","2","2","2","4","2","2","2","3","2","4"
"GCAGGCTAGTCACTAC","2","2","2","2","3","4","2","2","5","2","3"
"GCAGGCTCACCGTGGT","2","2","2","2","3","2","2","2","3","2","3"
"GCAGGCTCAGCAGTAG","2","8","9","9","6","10","11","11","11","12","6"
"GCAGGCTGTGAATTAG","2","8","9","9","6","10","11","11","11","12","6"
"GCATCGGTCTCATTTG","2","4","5","5","1","4","7","7","5","8","1"
"GCATCTCCACTACAGT","3","3","4","4","0","6","6","6","7","7","0"
"GCATCTCCATCGATCA","2","2","2","2","2","2","2","2","3","2","2"
"GCATGATAGCTTCATG","2","2","2","2","3","4","2","2","5","2","3"
"GCATGATGTGGCACTC","2","4","5","5","1","4","7","7","5","8","1"
"GCCAACGTCTCGACGG","3","3","4","4","0","6","6","6","7","7","0"
"GCCAGTGAGAGTCACG","5","7","8","8","5","9","10","10","10","11","5"
"GCCAGTGAGGCCCACT","2","2","2","2","3","2","2","2","3","2","3"
"GCCATGGCAGACCTAT","3","3","4","4","0","6","6","6","7","7","0"
"GCCATTCAGAGTGTTA","2","2","2","2","2","2","2","2","3","2","2"
"GCCCAGACAAATGGCG","2","2","2","2","2","2","2","2","3","2","2"
"GCCGATGCATCGCTGG","2","2","2","2","3","4","2","2","5","2","3"
"GCCGATGGTAACTTCG","2","2","2","2","2","2","2","2","3","2","2"
"GCCGTGAAGAGTTGAT","5","7","8","8","5","9","10","10","10","11","5"
"GCCGTGACACTAGTAC","5","7","8","8","5","9","10","10","10","11","5"
"GCCTGTTAGGGATGTC","2","8","9","9","6","10","11","11","11","12","6"
"GCCTGTTTCGTGCTCT","2","4","5","5","1","4","7","7","5","8","1"
"GCGAGAAGTGATTAGA","2","8","9","9","6","10","11","11","11","12","6"
"GCGATCGTCAAGTCGT","2","4","5","5","1","4","7","7","5","8","1"
"GCGGAAACACCAAATC","2","2","2","2","3","2","2","2","3","2","3"
"GCGGATCGTGAGATAT","2","2","2","2","3","2","2","2","3","2","3"
"GCGTTTCTCCAGTGCG","2","2","2","2","3","2","2","2","3","2","3"
"GCTACCTTCGGACTTA","2","2","2","2","3","2","2","2","3","2","3"
"GCTCAAATCGGTCATA","2","2","2","2","2","2","2","2","3","2","2"
"GCTCAAATCTCTGACC","3","3","4","4","0","6","6","6","7","7","0"
"GCTGAATAGCCACCGT","2","4","5","5","1","4","7","7","5","8","1"
"GCTGAATGTTCATCGA","2","4","5","5","1","4","7","7","5","8","1"
"GCTGCAGCAATTCGTG","2","2","2","2","3","4","2","2","5","2","3"
"GCTGCAGTCGAGTCTA","2","2","2","2","2","2","2","2","3","2","2"
"GCTTGGGAGTCGCCCA","2","2","2","2","3","2","2","2","3","2","3"
"GCTTGGGGTGCAATGG","3","3","4","4","0","6","6","6","7","7","0"
"GCTTGGGTCTGTCGTC","2","2","2","2","3","2","2","2","3","2","3"
"GGAACCCAGAGCCTGA","2","4","5","5","1","4","7","7","5","8","1"
"GGAACCCAGCTCCGAC","2","4","5","5","1","4","7","7","5","8","1"
"GGAACCCCAGTCTCTC","2","4","5","5","1","4","7","7","5","8","1"
"GGAAGTGGTGGGCTTC","3","3","4","4","0","6","6","6","7","7","0"
"GGAATCTCATCGATCA","2","4","5","5","1","4","7","7","5","8","1"
"GGACGTCGTACGTTCA","2","2","2","2","4","2","2","2","3","2","4"
"GGAGAACTCTCTCGAC","2","4","5","5","1","4","7","7","5","8","1"
"GGAGATGTCAAGCCCG","2","2","2","2","4","2","2","2","3","2","4"
"GGAGGATGTGGGATTG","3","3","4","4","0","6","6","6","7","7","0"
"GGATGTTTCATTCCTA","3","3","4","4","0","6","6","6","7","7","0"
"GGCACGTCATCCAATG","2","2","2","2","4","2","2","2","3","2","4"
"GGCAGTCCAACGGGTA","3","3","4","4","0","6","6","6","7","7","0"
"GGCAGTCGTACAACGG","2","2","2","2","2","2","2","2","3","2","2"
"GGCGTCACAACATACC","2","4","5","5","1","4","7","7","5","8","1"
"GGCTGTGTCTCGGTAA","2","4","5","5","1","4","7","7","5","8","1"
"GGCTTTCGTAGCTTTG","2","4","5","5","1","4","7","7","5","8","1"
"GGGAAGTAGATACCAA","3","3","4","4","0","6","6","6","7","7","0"
"GGGACAAAGTTGAAGT","2","2","2","2","2","2","2","2","3","2","2"
"GGGACAAGTCTGATAC","3","3","4","4","0","6","6","6","7","7","0"
"GGGACCTCATGTGACT","2","4","5","5","1","4","7","7","5","8","1"
"GGGACTCAGTATGCAA","2","4","5","5","1","4","7","7","5","8","1"
"GGGACTCTCAGGAAAT","2","4","5","5","1","4","7","7","5","8","1"
"GGGACTCTCCGAGAAG","2","4","5","5","1","4","7","7","5","8","1"
"GGGAGATCAGCACAAG","2","4","5","5","1","4","7","7","5","8","1"
"GGGATCCAGCGATGAC","2","2","2","2","4","2","2","2","3","2","4"
"GGGCCATGTAACATGA","2","2","2","2","3","2","2","2","3","2","3"
"GGGCGTTTCGCTGCGA","2","4","5","5","1","4","7","7","5","8","1"
"GGGCTACGTGAGGAAA","3","3","4","4","0","6","6","6","7","7","0"
"GGGCTACTCTCCAAGA","2","4","5","5","1","4","7","7","5","8","1"
"GGGTAGACACCAACAT","2","4","5","5","1","4","7","7","5","8","1"
"GGGTCACAGTAAATGC","5","7","8","8","5","9","10","10","10","11","5"
"GGGTCACTCCTGCTAC","3","3","4","4","0","6","6","6","7","7","0"
"GGGTGTCGTAGGCTCC","2","4","5","5","1","4","7","7","5","8","1"
"GGGTTATAGCATGAAT","2","2","2","2","2","2","2","2","3","2","2"
"GGGTTATCATAATGCC","2","2","2","2","4","2","2","2","3","2","4"
"GGGTTTACAGGTTCAT","2","2","2","2","2","2","2","2","3","2","2"
"GGGTTTATCCCAGCGA","2","2","2","2","4","2","2","2","3","2","4"
"GGGTTTATCGGAGTGA","2","2","2","2","2","2","2","2","3","2","2"
"GGTAACTAGCTGACCC","2","4","5","5","1","4","7","7","5","8","1"
"GGTAATCAGCACTGGA","2","4","5","5","1","4","7","7","5","8","1"
"GGTAATCAGTATCCTG","2","2","2","2","3","2","2","2","3","2","3"
"GGTGAAGCACTAACGT","2","4","5","5","1","4","7","7","5","8","1"
"GGTGGCTAGCCAACCC","2","2","2","2","4","2","2","2","3","2","4"
"GGTGGCTGTGACTATC","2","2","2","2","4","2","2","2","3","2","4"
"GGTGTCGCAGCCGTTG","2","4","5","5","1","4","7","7","5","8","1"
"GGTGTTAAGTTGCTCA","2","4","5","5","1","4","7","7","5","8","1"
"GGTGTTAGTATTCCTT","2","2","2","2","2","2","2","2","3","2","2"
"GGTTAACCACTCCGAG","2","2","2","2","2","2","2","2","3","2","2"
"GGTTCTCGTAGGGAGG","3","3","4","4","0","6","6","6","7","7","0"
"GGTTCTCTCCGTTGGG","2","2","2","2","2","2","2","2","3","2","2"
"GGTTGTATCATCGACA","3","3","4","4","0","6","6","6","7","7","0"
"GTAACACCAATTAGGA","2","2","2","2","3","2","2","2","3","2","3"
"GTAACCAGTACGCTTA","2","4","5","5","1","4","7","7","5","8","1"
"GTAAGTCAGCCATGCC","2","4","5","5","1","4","7","7","5","8","1"
"GTAATCGTCGAGTACT","2","4","5","5","1","4","7","7","5","8","1"
"GTAATGCGTTGCAAGG","2","2","2","2","4","2","2","2","3","2","4"
"GTAATGCTCTGATGGT","5","7","8","8","5","9","10","10","10","11","5"
"GTACAGTCACTGCATA","2","2","2","2","2","2","2","2","3","2","2"
"GTACAGTTCGTCGGGT","2","2","2","2","3","4","2","2","5","2","3"
"GTAGAAATCCTCCACA","2","4","5","5","1","4","7","7","5","8","1"
"GTAGATCGTGTGATGG","2","2","2","2","3","4","2","2","5","2","3"
"GTAGGAGTCAGATGCT","3","3","4","4","0","6","6","6","7","7","0"
"GTAGTACAGAACCGCA","3","3","4","4","0","6","6","6","7","7","0"
"GTAGTACAGTCGGCAA","2","4","5","5","1","4","7","7","5","8","1"
"GTAGTACTCCAATCCC","2","2","2","2","2","2","2","2","3","2","2"
"GTAGTACTCGTTGCCT","3","3","4","4","0","6","6","6","7","7","0"
"GTCAAGTGTTGATCGT","3","3","4","4","0","6","6","6","7","7","0"
"GTCACTCTCCGATCGG","2","2","2","2","2","2","2","2","3","2","2"
"GTCAGCGAGTAAGAGG","3","3","4","4","0","6","6","6","7","7","0"
"GTCATCCAGACCCTTA","3","3","4","4","0","6","6","6","7","7","0"
"GTCATCCAGGGACACT","3","3","4","4","0","6","6","6","7","7","0"
"GTCCCATGTGGGCTCT","2","2","2","2","3","4","2","2","5","2","3"
"GTCCCATTCTACCCAC","2","2","2","2","2","2","2","2","3","2","2"
"GTCCTCAAGAGAGGTA","2","2","2","2","4","2","2","2","3","2","4"
"GTCGAATAGATAGTGT","2","2","2","2","2","2","2","2","3","2","2"
"GTCGAATAGTGTACAA","2","2","2","2","2","2","2","2","3","2","2"
"GTCGCGACATAACTCG","2","2","2","2","3","4","2","2","5","2","3"
"GTCGTAAAGAATTTGG","2","2","2","2","4","2","2","2","3","2","4"
"GTCGTAAAGATGAACT","3","3","4","4","0","6","6","6","7","7","0"
"GTCGTAACAGAGTTCT","2","2","2","2","4","2","2","2","3","2","4"
"GTCGTAATCATCACCC","2","4","5","5","1","4","7","7","5","8","1"
"GTCGTTCGTGAACCGA","3","3","4","4","0","6","6","6","7","7","0"
"GTCGTTCGTGGAACCA","2","4","5","5","1","4","7","7","5","8","1"
"GTCTACCAGACAGTCG","2","8","9","9","6","10","11","11","11","12","6"
"GTCTACCAGCTTTGTG","2","4","5","5","1","4","7","7","5","8","1"
"GTCTACCTCGCATGAT","3","3","4","4","0","6","6","6","7","7","0"
"GTCTACCTCGTCCTCA","3","3","4","4","0","6","6","6","7","7","0"
"GTCTGTCGTGCTATTG","2","2","2","2","2","2","2","2","3","2","2"
"GTCTTTAGTCTCGGGT","2","2","2","2","2","2","2","2","3","2","2"
"GTGACGCCATGCCGCA","2","2","2","2","3","2","2","2","3","2","3"
"GTGAGCCAGTTACGTC","2","4","5","5","1","4","7","7","5","8","1"
"GTGAGCCCAGGTACGA","2","2","2","2","3","2","2","2","3","2","3"
"GTGAGTTGTTGCAACT","2","2","2","2","1","4","2","2","5","2","1"
"GTGATGTGTGTTAAAG","2","4","5","5","1","4","7","7","5","8","1"
"GTGATGTTCTGGGCCA","2","2","2","2","2","2","2","2","3","2","2"
"GTGCACGCAACCGCTG","2","4","5","5","1","4","7","7","5","8","1"
"GTGCAGCTCTAGACCA","3","3","4","4","0","6","6","6","7","7","0"
"GTGCGTGGTTCGGCGT","2","2","2","2","2","2","2","2","3","2","2"
"GTGCTTCAGATTAGTG","3","3","4","4","0","6","6","6","7","7","0"
"GTGCTTCTCTGAGAAA","2","8","9","9","6","10","11","11","11","12","6"
"GTGGAAGAGGTAAGGA","2","4","5","5","1","4","7","7","5","8","1"
"GTGTAACCATCCCGTT","2","2","2","2","4","2","2","2","3","2","4"
"GTGTGGCTCACAATGC","2","4","5","5","1","4","7","7","5","8","1"
"GTGTGGCTCCACATAG","2","2","2","2","4","2","2","2","3","2","4"
"GTGTTAGCAGTTAGGG","2","2","2","2","2","2","2","2","3","2","2"
"GTGTTCCAGGTAACTA","3","3","4","4","0","6","6","6","7","7","0"
"GTGTTCCCAGAGTTCT","5","7","8","8","5","9","10","10","10","11","5"
"GTTACCCCAAGGTCAG","2","2","2","2","3","2","2","2","3","2","3"
"GTTACCCGTATGTGTC","5","7","8","8","5","9","10","10","10","11","5"
"GTTACGAAGTAAGGGA","2","4","5","5","1","4","7","7","5","8","1"
"GTTACGAAGTTTCTTC","2","8","9","9","6","10","11","11","11","12","6"
"GTTACGACAGAACCGA","2","4","5","5","1","4","7","7","5","8","1"
"GTTACGACAGTCAGTT","2","2","2","2","4","2","2","2","3","2","4"
"GTTAGACTCAATGTCG","2","4","5","5","1","4","7","7","5","8","1"
"GTTATGGAGCCAGACA","5","7","8","8","5","9","10","10","10","11","5"
"GTTCATTTCCAATGCA","3","3","4","4","0","6","6","6","7","7","0"
"GTTGCTCAGGCCTAAG","2","2","2","2","2","2","2","2","3","2","2"
"GTTGCTCGTCGAATTC","2","4","5","5","1","4","7","7","5","8","1"
"GTTGCTCTCAAGCTTG","3","3","4","4","0","6","6","6","7","7","0"
"GTTGCTCTCACTTATC","2","2","2","2","3","2","2","2","3","2","3"
"GTTGTAGCATCATCTT","3","3","4","4","0","6","6","6","7","7","0"
"GTTGTAGTCTTTCGAT","5","7","8","8","5","9","10","10","10","11","5"
"GTTGTCCCATGACGGA","5","7","8","8","5","9","10","10","10","11","5"
"GTTGTCCGTATTTCCT","2","2","2","2","4","2","2","2","3","2","4"
"GTTTGGAAGCCGGAAT","3","3","4","4","0","6","6","6","7","7","0"
"GTTTGGAAGTACTGTC","2","2","2","2","3","4","2","2","5","2","3"
"GTTTGGACAAATGCTC","2","2","2","2","2","2","2","2","3","2","2"
"GTTTGGATCTACTATC","2","2","2","2","4","2","2","2","3","2","4"
"TAACACGCAAGTTGGG","2","2","2","2","3","4","2","2","5","2","3"
"TAACACGTCTTCGTGC","2","4","5","5","1","4","7","7","5","8","1"
"TAACTTCCACTGGATT","3","3","4","4","0","6","6","6","7","7","0"
"TAAGCACAGCCTGTGC","2","2","2","2","3","2","2","2","3","2","3"
"TAAGCACGTATTGCCA","2","2","2","2","2","2","2","2","3","2","2"
"TAAGCCAGTTGGGCCT","3","3","4","4","0","6","6","6","7","7","0"
"TAAGTCGAGGAAAGAC","2","4","5","5","1","4","7","7","5","8","1"
"TAATCTCAGGGTATAT","2","2","2","2","3","2","2","2","3","2","3"
"TAATTCCCAATGGCAG","2","4","5","5","1","4","7","7","5","8","1"
"TACAACGCAAATAGCA","2","4","5","5","1","4","7","7","5","8","1"
"TACATTCCACGCACCA","2","2","2","2","2","2","2","2","3","2","2"
"TACATTCGTGTGAATA","2","2","2","2","3","2","2","2","3","2","3"
"TACCCACGTTCCTAGA","2","2","2","2","3","6","2","2","7","2","3"
"TACCCACTCAAGCTGT","2","2","2","2","3","2","2","2","3","2","3"
"TACCCGTCATATCTGG","2","2","2","2","3","4","2","2","5","2","3"
"TACCTCGCAGTTACCA","3","3","4","4","0","6","6","6","7","7","0"
"TACGCTCGTCACTGAT","3","3","4","4","0","6","6","6","7","7","0"
"TACGGTATCCGCAACG","2","2","2","2","2","2","2","2","3","2","2"
"TACGTCCAGGTGCATG","2","2","2","2","3","4","2","2","5","2","3"
"TACTGCCAGCGTGTTT","2","2","2","2","2","2","2","2","3","2","2"
"TACTGCCGTCACTTCC","2","2","2","2","4","2","2","2","3","2","4"
"TACTGCCTCTTCCTAA","2","2","2","2","2","2","2","2","3","2","2"
"TACTTACAGCCTCTTC","2","2","2","2","3","2","2","2","3","2","3"
"TACTTCAAGGCCTTCG","3","3","4","4","0","6","6","6","7","7","0"
"TACTTCAAGTCTTCGA","2","2","2","2","4","2","2","2","3","2","4"
"TACTTCACATTAGGCT","5","7","8","8","5","9","10","10","10","11","5"
"TACTTCAGTGGTCAAG","2","2","2","2","4","2","2","2","3","2","4"
"TACTTCATCTCGGTCT","2","4","5","5","1","4","7","7","5","8","1"
"TACTTGTAGAGGGTAA","2","2","2","2","2","2","2","2","3","2","2"
"TACTTGTCATCGATGT","2","2","2","2","3","4","2","2","5","2","3"
"TACTTGTCATGAAGGC","2","2","2","2","2","2","2","2","3","2","2"
"TACTTGTTCCAGCACG","3","3","4","4","0","6","6","6","7","7","0"
"TAGACTGGTACGTACT","2","2","2","2","3","2","2","2","3","2","3"
"TAGATCGCAATTCTTC","2","2","2","2","4","2","2","2","3","2","4"
"TAGCACAAGTGCAGCA","2","2","2","2","3","2","2","2","3","2","3"
"TAGGGTTAGGGCAGAG","2","2","2","2","3","2","2","2","3","2","3"
"TAGGGTTTCTATCACT","5","7","8","8","5","9","10","10","10","11","5"
"TAGGTTGGTGTTCCAA","2","4","5","5","1","4","7","7","5","8","1"
"TAGTGCAGTACACGCC","2","4","5","5","1","4","7","7","5","8","1"
"TATCAGGTCGTCAACA","3","3","4","4","0","6","6","6","7","7","0"
"TATCCTATCCTCGATC","3","3","4","4","0","6","6","6","7","7","0"
"TATCGCCTCCTCACGT","2","4","5","5","1","4","7","7","5","8","1"
"TATTCCATCTGCCTCA","2","4","5","5","1","4","7","7","5","8","1"
"TATTGCTCAAGCGGAT","2","4","5","5","1","4","7","7","5","8","1"
"TATTTCGGTCTGTGCG","2","4","5","5","1","4","7","7","5","8","1"
"TCAAGTGAGTACCATC","2","4","5","5","1","4","7","7","5","8","1"
"TCAATCTCATCTATCT","2","2","2","2","3","2","2","2","3","2","3"
"TCAATCTCATGAATCC","2","2","2","2","2","2","2","2","3","2","2"
"TCAATTCAGGGCCAAT","2","2","2","2","2","2","2","2","3","2","2"
"TCAATTCTCCAGGACC","2","2","2","2","2","2","2","2","3","2","2"
"TCAATTCTCTTTCCAA","3","3","4","4","0","6","6","6","7","7","0"
"TCACATTCAGCATCTA","2","2","2","2","2","2","2","2","3","2","2"
"TCACGCTAGGAGATAG","2","2","2","2","3","4","2","2","5","2","3"
"TCACTATCAACCCTCT","2","2","2","2","2","2","2","2","3","2","2"
"TCAGCCTGTGGAATGC","2","2","2","2","4","2","2","2","3","2","4"
"TCAGGGCAGATCACCT","2","4","5","5","1","4","7","7","5","8","1"
"TCAGGGCGTAGAGGAA","2","2","2","2","4","2","2","2","3","2","4"
"TCAGGGCGTTTCGTAG","2","2","2","2","4","2","2","2","3","2","4"
"TCAGGTAAGGCTTCCG","2","2","2","2","2","2","2","2","3","2","2"
"TCAGTCCGTCACCGCA","2","2","2","2","3","2","2","2","3","2","3"
"TCAGTCCGTTGCCGCA","3","3","4","4","0","6","6","6","7","7","0"
"TCAGTGAGTCAGGTAG","3","3","4","4","0","6","6","6","7","7","0"
"TCAGTTTAGTGGAAGA","3","3","4","4","0","6","6","6","7","7","0"
"TCATACTCATGGCCCA","2","2","2","2","2","2","2","2","3","2","2"
"TCATACTGTGACAGGT","3","3","4","4","0","6","6","6","7","7","0"
"TCATATCAGATCCGAG","2","2","9","9","3","10","11","11","11","12","3"
"TCATGAGGTTGCCATA","3","3","4","4","0","6","6","6","7","7","0"
"TCATGGAGTCGCCTAG","2","2","2","2","3","4","2","2","5","2","3"
"TCATGTTAGGATCACG","3","3","4","4","0","6","6","6","7","7","0"
"TCATGTTTCCGGCAGT","2","2","2","2","2","2","2","2","3","2","2"
"TCATTACAGAGCGACT","2","2","2","2","2","2","2","2","3","2","2"
"TCATTACAGGCTAACG","2","4","5","5","1","4","7","7","5","8","1"
"TCATTGTTCTACAGGT","2","2","2","2","3","4","2","2","5","2","3"
"TCCAGAAAGTCGAATA","2","2","2","2","3","4","2","2","5","2","3"
"TCCAGAAGTATTCCTT","2","2","2","2","4","2","2","2","3","2","4"
"TCCATCGGTCATGCAT","2","4","5","5","1","4","7","7","5","8","1"
"TCCATGCTCGTGTCAA","2","4","5","5","1","4","7","7","5","8","1"
"TCCCATGTCCGGCAGT","2","2","2","2","3","4","2","2","5","2","3"
"TCCGAAAAGAATTCAG","2","8","9","9","6","10","11","11","11","12","6"
"TCCGAAATCCAAGCCG","2","4","5","5","1","4","7","7","5","8","1"
"TCCTAATCATTGTGCA","2","2","2","2","3","2","2","2","3","2","3"
"TCCTAATTCATTTCCA","2","4","5","5","1","4","7","7","5","8","1"
"TCCTAATTCGCTTACC","2","4","5","5","1","4","7","7","5","8","1"
"TCCTCCCCACGATTCA","3","3","4","4","0","6","6","6","7","7","0"
"TCCTCTTAGGAGTCTG","2","2","2","2","2","2","2","2","3","2","2"
"TCCTCTTCAATACGCT","2","2","2","2","3","4","2","2","5","2","3"
"TCCTCTTCACCATATG","2","2","2","2","2","2","2","2","3","2","2"
"TCCTGCACAACTGAAA","2","2","2","2","3","2","2","2","3","2","3"
"TCCTGCACAGACCAGA","2","2","2","2","3","2","2","2","3","2","3"
"TCCTTTCCACATGACT","2","4","5","5","1","4","7","7","5","8","1"
"TCGAACATCTGTGCTC","3","3","4","4","0","6","6","6","7","7","0"
"TCGAAGTAGCATGCAG","2","8","9","9","6","10","11","11","11","12","6"
"TCGAAGTCACCAAAGG","2","2","2","2","3","4","2","2","5","2","3"
"TCGACCTGTCGTGATT","2","2","2","2","3","4","2","2","5","2","3"
"TCGACGGCAACCAGAG","2","4","5","5","1","4","7","7","5","8","1"
"TCGACGGTCTAGACAC","2","2","2","2","4","2","2","2","3","2","4"
"TCGATTTAGTAAACGT","2","2","2","2","4","2","2","2","3","2","4"
"TCGATTTTCCGTTGGG","2","2","2","2","2","2","2","2","3","2","2"
"TCGCACTAGCAAGGAA","2","2","2","2","2","2","2","2","3","2","2"
"TCGCACTCACTGCATA","3","3","4","4","0","6","6","6","7","7","0"
"TCGCACTTCTCTGAGA","2","4","5","5","1","4","7","7","5","8","1"
"TCGCTCACAAGCAGGT","2","2","2","2","2","2","2","2","3","2","2"
"TCGCTTGCAGCAGATG","2","4","5","5","1","4","7","7","5","8","1"
"TCGCTTGGTCGCGTTG","5","7","8","8","5","9","10","10","10","11","5"
"TCGGATAGTCCTGAAT","2","8","9","9","6","10","11","11","11","12","6"
"TCGGGTGTCCAGTTCC","2","2","2","2","3","4","2","2","5","2","3"
"TCGTCCACATGGTACT","3","3","4","4","0","6","6","6","7","7","0"
"TCGTCCATCATTGTTC","3","3","4","4","0","6","6","6","7","7","0"
"TCGTGGGAGTAGACCG","3","3","4","4","0","6","6","6","7","7","0"
"TCTACATCAGCAGACA","2","2","2","2","3","2","2","2","3","2","3"
"TCTACATGTGAATATG","3","3","4","4","0","6","6","6","7","7","0"
"TCTACCGGTGAAGCTG","3","3","4","4","0","6","6","6","7","7","0"
"TCTATACCACACAGAG","2","4","5","5","1","4","7","7","5","8","1"
"TCTATACTCATGCGGC","3","3","4","4","0","6","6","6","7","7","0"
"TCTCACGAGGGAGGCA","2","2","2","2","3","2","2","2","3","2","3"
"TCTCACGAGTCTGCAT","3","3","4","4","0","6","6","6","7","7","0"
"TCTCACGCACTGATTG","2","2","2","2","2","2","2","2","3","2","2"
"TCTCACGGTACCAATC","3","3","4","4","0","6","6","6","7","7","0"
"TCTCAGCAGTCTACCA","3","3","4","4","0","6","6","6","7","7","0"
"TCTCAGCGTATCGAAA","2","2","2","2","2","2","2","2","3","2","2"
"TCTCCGATCTCAGAAC","2","2","2","2","3","4","2","2","5","2","3"
"TCTCTGGCAGGGAATC","2","2","2","2","3","2","2","2","3","2","3"
"TCTGCCACAGCACGAA","2","2","2","2","3","4","2","2","5","2","3"
"TCTGGCTCAAAGACGC","2","2","2","2","4","2","2","2","3","2","4"
"TCTGGCTCAGGCAATG","2","2","2","2","4","2","2","2","3","2","4"
"TCTGGCTGTGTGCTTA","2","2","2","2","3","2","2","2","3","2","3"
"TCTGTCGGTGCTGTCG","3","3","4","4","0","6","6","6","7","7","0"
"TCTGTCGTCCCTCTTT","3","3","4","4","0","6","6","6","7","7","0"
"TCTTCCTGTAGTTACC","2","4","5","5","1","4","7","7","5","8","1"
"TCTTGCGGTACCAATC","3","3","4","4","0","6","6","6","7","7","0"
"TGAATCGAGACTACGG","2","2","2","2","4","2","2","2","3","2","4"
"TGAATCGAGCCTTTGA","2","2","2","2","4","2","2","2","3","2","4"
"TGACAGTAGACCATTC","3","3","4","4","0","6","6","6","7","7","0"
"TGACAGTCAGGCTTGC","2","2","2","2","2","2","2","2","3","2","2"
"TGACGCGCAGGAGGAG","2","2","2","2","4","2","2","2","3","2","4"
"TGACGCGTCACTCCGT","3","3","4","4","0","6","6","6","7","7","0"
"TGACTCCGTCTGATAC","3","3","4","4","0","6","6","6","7","7","0"
"TGAGACTAGCAGGGAG","2","2","2","2","2","2","2","2","3","2","2"
"TGAGACTAGCCTCTGG","3","3","4","4","0","6","6","6","7","7","0"
"TGAGACTCATAGGAGC","3","3","4","4","0","6","6","6","7","7","0"
"TGAGCATCAAGCTCTA","2","2","2","2","3","2","2","2","3","2","3"
"TGAGGAGCAAATACGA","2","4","5","5","1","4","7","7","5","8","1"
"TGATCTTAGCCTTTGA","2","2","2","2","4","2","2","2","3","2","4"
"TGATCTTGTTGCACGC","2","2","2","2","3","2","2","2","3","2","3"
"TGATGCATCCGACGGT","5","7","8","8","5","9","10","10","10","11","5"
"TGATGGTCAAGTCCCG","2","4","5","5","1","4","7","7","5","8","1"
"TGATGGTTCAAATAGG","2","2","2","2","4","2","2","2","3","2","4"
"TGATTTCTCAATCGGT","2","2","2","2","3","4","2","2","5","2","3"
"TGCAGTAAGTAGCTCT","3","3","4","4","0","6","6","6","7","7","0"
"TGCAGTATCGCACTCT","2","2","2","2","4","2","2","2","3","2","4"
"TGCATCCGTAGAGGAA","2","2","2","2","3","2","2","2","3","2","3"
"TGCGATAGTCCTATAG","2","4","5","5","1","4","7","7","5","8","1"
"TGCGGGTTCAATCTTC","2","2","2","2","2","2","2","2","3","2","2"
"TGCGGGTTCCTGGCTT","2","4","5","5","1","4","7","7","5","8","1"
"TGCTCCAAGCTATCCA","2","2","2","2","3","3","2","2","4","2","3"
"TGCTCGTGTGAGATTA","2","4","5","5","1","4","7","7","5","8","1"
"TGCTGAAAGTTTCAGC","2","2","2","2","4","2","2","2","3","2","4"
"TGCTTCGCAAGACGAC","3","3","4","4","0","6","6","6","7","7","0"
"TGGAACTAGTACGAGC","3","3","4","4","0","6","6","6","7","7","0"
"TGGAGGAGTAGAGCTG","2","2","2","2","3","4","2","2","5","2","3"
"TGGATCAAGGAACGTC","2","2","2","2","2","2","2","2","3","2","2"
"TGGATCACACTATCCC","2","2","2","2","2","2","2","2","3","2","2"
"TGGGATTCAAGTCCAT","5","7","8","8","5","9","10","10","10","11","5"
"TGGGCGTAGAGTCACG","3","3","4","4","0","6","6","6","7","7","0"
"TGGGCTGCACGGCCAT","2","2","2","2","4","2","2","2","3","2","4"
"TGGGTTAAGTTTCAGC","2","2","2","2","3","2","2","2","3","2","3"
"TGGTACATCGGTGTTA","2","2","2","2","2","2","2","2","3","2","2"
"TGTACAGAGTGTAGTA","2","2","2","2","2","2","2","2","3","2","2"
"TGTCCACGTAGTTAGA","2","2","2","2","3","2","2","2","3","2","3"
"TGTCCCAAGACATAAC","2","2","2","2","2","2","2","2","3","2","2"
"TGTCCCAAGGATTTCC","2","2","2","2","4","2","2","2","3","2","4"
"TGTCCCACAGAAGCGT","2","4","5","5","1","4","7","7","5","8","1"
"TGTGAGTAGTTGCTGT","2","4","5","5","3","4","7","7","5","8","3"
"TGTGCGGAGAGACAAG","2","2","2","2","4","2","2","2","3","2","4"
"TGTGCGGAGTCCCGAC","3","3","4","4","0","6","6","6","7","7","0"
"TGTGCGGGTAACCCGC","2","2","2","2","2","2","2","2","3","2","2"
"TGTGGCGCATTAAGCC","2","4","5","5","1","4","7","7","5","8","1"
"TGTTACTCAAGAATAC","2","4","5","5","1","4","7","7","5","8","1"
"TGTTCATTCATAAGGA","2","2","2","2","2","2","2","2","3","2","2"
"TGTTCTAAGGCCCGTT","2","2","2","2","3","2","2","2","3","2","3"
"TGTTCTACAGAAGTTA","2","2","2","2","3","2","2","2","3","2","3"
"TGTTCTACATGACTCA","5","7","8","8","5","9","10","10","10","11","5"
"TGTTGAGAGACTCAAA","2","2","2","2","3","3","2","2","4","2","3"
"TGTTGAGAGTAGTCAA","2","4","5","5","1","4","7","7","5","8","1"
"TGTTGGAGTTGCATGT","3","3","4","4","0","6","6","6","7","7","0"
"TGTTTGTGTACACTCA","2","2","2","2","3","2","2","2","3","2","3"
"TGTTTGTGTCTTCCGT","2","2","2","2","3","2","2","2","3","2","3"
"TTAATCCCAGGTCAAG","2","2","2","2","3","2","2","2","3","2","3"
"TTACAGGAGATGCTTC","3","3","4","4","0","6","6","6","7","7","0"
"TTACGCCAGGAGACCT","3","3","4","4","0","6","6","6","7","7","0"
"TTACGTTGTCAAATCC","3","3","4","4","0","6","6","6","7","7","0"
"TTACTGTAGAGGTTTA","2","2","2","2","3","2","2","2","3","2","3"
"TTAGGCAGTTGTCTAG","2","2","2","2","2","2","2","2","3","2","2"
"TTAGGCATCCTACGGG","3","3","4","4","0","6","6","6","7","7","0"
"TTAGGCATCGACCATA","3","3","4","4","0","6","6","6","7","7","0"
"TTAGGGTAGCCTGAAG","2","2","2","2","3","2","2","2","3","2","3"
"TTAGTCTTCTTCGGAA","3","3","4","4","0","6","6","6","7","7","0"
"TTCACGCAGCACTTTG","2","2","2","2","4","2","2","2","3","2","4"
"TTCAGGAAGGTACTGG","2","4","5","5","1","4","7","7","5","8","1"
"TTCAGGACATTCACAG","2","2","2","2","2","2","2","2","3","2","2"
"TTCAGGAGTGACGCCT","2","2","2","2","3","4","2","2","5","2","3"
"TTCATTGAGGCATGGT","2","2","2","2","4","2","2","2","3","2","4"
"TTCCAATGTTAGTTCG","2","2","2","2","3","4","2","2","5","2","3"
"TTCCACGGTCCTCAGG","2","4","5","5","1","4","7","7","5","8","1"
"TTCCGGTTCCATCGTC","3","3","4","4","0","6","6","6","7","7","0"
"TTCCGGTTCCGCAAAT","2","2","2","2","4","2","2","2","3","2","4"
"TTCCTCTTCGGAAGGT","2","2","2","2","2","2","2","2","3","2","2"
"TTCGGTCAGCTGTACT","2","2","2","2","4","2","2","2","3","2","4"
"TTCGGTCTCGAACCAT","2","2","2","2","3","4","2","2","5","2","3"
"TTCTAACTCCTGGGTG","2","4","5","5","1","4","7","7","5","8","1"
"TTCTAGTGTTCATCTT","5","7","8","8","5","9","10","10","10","11","5"
"TTCTGTAAGATACATG","2","2","2","2","4","2","2","2","3","2","4"
"TTCTGTACACACCTAA","2","8","9","9","6","10","11","11","11","12","6"
"TTCTGTAGTTCGGTCG","2","4","5","5","1","4","7","7","5","8","1"
"TTGAACGTCACAAGGG","5","7","8","8","5","9","10","10","10","11","5"
"TTGATGGTCCGGTAGC","2","2","2","2","4","2","2","2","3","2","4"
"TTGCATTCATGGGAAC","2","2","2","2","2","2","2","2","3","2","2"
"TTGCATTGTCCACTCT","2","2","2","2","3","2","2","2","3","2","3"
"TTGCCTGGTAGCTCGC","2","2","2","2","1","4","2","2","5","2","1"
"TTGCTGCTCCACTTCG","2","2","2","2","2","2","2","2","3","2","2"
"TTGGATGCAAACTAGA","2","4","5","5","1","4","7","7","5","8","1"
"TTGGATGTCCGCTAGG","2","4","5","5","1","4","7","7","5","8","1"
"TTGGGATAGGGACACT","2","2","2","2","2","2","2","2","3","2","2"
"TTGTGGAGTCGGCTAC","3","3","4","4","0","6","6","6","7","7","0"
"TTGTGTTGTGACAGCA","2","2","2","2","4","2","2","2","3","2","4"
"TTGTGTTGTGTCTCCT","2","2","2","2","2","2","2","2","3","2","2"
"TTGTTCAGTCTCAAGT","2","2","2","2","3","2","2","2","3","2","3"
"TTGTTGTCAAGACCGA","2","4","5","5","1","4","7","7","5","8","1"
"TTTACCATCGCGTCGA","2","8","9","9","6","10","11","11","11","12","6"
"TTTACTGTCAGCGTCG","2","4","5","5","1","4","7","7","5","8","1"
"TTTCATGAGGCAATGC","2","2","2","2","3","4","2","2","5","2","3"
"TTTCCTCCACATCATG","2","8","9","9","6","10","11","11","11","12","6"
"TTTCCTCTCGTGCGAC","2","2","2","2","3","2","2","2","3","2","3"
"TTTCGATCATCCGAGC","5","7","8","8","5","9","10","10","10","11","5"
"TTTGACTGTCGTATTG","2","2","2","2","3","2","2","2","3","2","3"
"TTTGATCAGTCGGCAA","3","3","4","4","0","6","6","6","7","7","0"
"TTTGATCTCGTGGCTG","2","2","2","2","3","2","2","2","3","2","3"
"TTTGGAGTCCATTCGC","5","7","8","8","5","9","10","10","10","11","5"
"TTTGGAGTCGCGCCAA","3","3","4","4","0","6","6","6","7","7","0"
"TTTGGTTTCACTCACC","2","4","5","5","1","4","7","7","5","8","1"
"TTTGTTGAGTGGTTCT","5","7","8","8","5","9","10","10","10","11","5"
"TTTGTTGCATGACTTG","2","2","2","2","4","2","2","2","3","2","4"
