""	"RNA_snn_res.0.1"	"RNA_snn_res.0.2"	"RNA_snn_res.0.3"	"RNA_snn_res.0.4"	"RNA_snn_res.0.5"	"RNA_snn_res.0.6"	"RNA_snn_res.0.7"	"RNA_snn_res.0.8"	"RNA_snn_res.0.9"	"RNA_snn_res.1"	"seurat_clusters"
"AAACCCATCATTCCTA"	"0"	"0"	"0"	"2"	"1"	"2"	"2"	"2"	"2"	"1"	"1"
"AAACGCTTCCTCGATC"	"0"	"0"	"0"	"2"	"1"	"2"	"2"	"2"	"2"	"1"	"1"
"AAAGAACTCCACATAG"	"1"	"1"	"1"	"0"	"0"	"1"	"0"	"0"	"1"	"2"	"0"
"AAAGGATAGGTAGTCG"	"1"	"1"	"1"	"0"	"2"	"3"	"3"	"3"	"3"	"4"	"2"
"AAAGGGCCACCGTCTT"	"1"	"1"	"1"	"0"	"0"	"1"	"0"	"0"	"1"	"2"	"0"
"AAAGTCCTCAGGAACG"	"1"	"1"	"1"	"0"	"0"	"1"	"0"	"0"	"1"	"3"	"0"
"AACAACCCATTGCTTT"	"0"	"0"	"0"	"2"	"1"	"2"	"2"	"2"	"2"	"1"	"1"
"AACACACTCCGTATGA"	"0"	"0"	"0"	"2"	"1"	"2"	"2"	"2"	"2"	"1"	"1"
"AACCAACGTAGATTAG"	"1"	"1"	"1"	"0"	"0"	"1"	"0"	"0"	"1"	"2"	"0"
"AACTTCTCAGAGGTAC"	"0"	"0"	"0"	"2"	"1"	"2"	"2"	"2"	"2"	"1"	"1"
"AAGATAGCATCGCTGG"	"1"	"1"	"1"	"0"	"0"	"1"	"0"	"0"	"1"	"3"	"0"
"AAGCATCGTGCTCTTC"	"1"	"1"	"1"	"0"	"0"	"1"	"0"	"0"	"1"	"2"	"0"
"AAGCGAGTCCGGTTCT"	"1"	"1"	"1"	"0"	"0"	"1"	"0"	"0"	"1"	"2"	"0"
"AAGTTCGAGTCGAGGT"	"0"	"0"	"0"	"2"	"1"	"2"	"2"	"2"	"2"	"1"	"1"
"AATGACCAGGGTACAC"	"0"	"0"	"0"	"2"	"1"	"2"	"2"	"2"	"2"	"1"	"1"
"AATGGAAGTGTTGAGG"	"1"	"1"	"1"	"0"	"2"	"3"	"3"	"3"	"3"	"4"	"2"
"AATTTCCTCATCGCTC"	"0"	"0"	"0"	"2"	"1"	"2"	"2"	"2"	"2"	"1"	"1"
"AATTTCCTCCGGCAGT"	"0"	"0"	"0"	"2"	"1"	"2"	"2"	"2"	"2"	"5"	"1"
"ACAACCAGTAACTTCG"	"1"	"1"	"1"	"0"	"0"	"1"	"0"	"0"	"1"	"2"	"0"
"ACACAGTCATATGGCT"	"1"	"1"	"1"	"0"	"0"	"1"	"0"	"0"	"4"	"3"	"0"
"ACACAGTTCTAATTCC"	"1"	"1"	"1"	"0"	"0"	"1"	"0"	"0"	"1"	"3"	"0"
"ACATGCACAACGGGTA"	"0"	"0"	"0"	"2"	"1"	"2"	"2"	"4"	"5"	"5"	"1"
"ACCAACAAGGCTCTCG"	"1"	"1"	"1"	"0"	"0"	"1"	"0"	"0"	"4"	"3"	"0"
"ACCAACACAATGTTGC"	"1"	"1"	"1"	"0"	"0"	"1"	"0"	"0"	"1"	"2"	"0"
"ACCATTTAGGACTATA"	"1"	"1"	"1"	"0"	"0"	"1"	"0"	"0"	"1"	"3"	"0"
"ACCATTTAGTTGTAAG"	"1"	"1"	"1"	"0"	"0"	"1"	"0"	"0"	"4"	"3"	"0"
"ACCATTTCAATGCAGG"	"1"	"1"	"1"	"0"	"0"	"1"	"0"	"0"	"1"	"2"	"0"
"ACCATTTGTTCCAAAC"	"1"	"1"	"1"	"0"	"0"	"1"	"0"	"0"	"4"	"3"	"0"
"ACCCTCACAGCTCGGT"	"1"	"1"	"1"	"0"	"0"	"1"	"0"	"0"	"1"	"2"	"0"
"ACCCTCACATGTGTCA"	"0"	"0"	"0"	"2"	"1"	"2"	"2"	"2"	"2"	"1"	"1"
"ACCGTTCGTATCGCTA"	"1"	"1"	"1"	"0"	"2"	"3"	"3"	"3"	"3"	"4"	"2"
"ACCTACCCAAGGCGTA"	"1"	"1"	"1"	"0"	"0"	"1"	"0"	"0"	"1"	"2"	"0"
"ACCTGTCTCACGAACT"	"1"	"1"	"1"	"2"	"3"	"4"	"4"	"5"	"6"	"6"	"3"
"ACGATCACAGGAGACT"	"0"	"0"	"0"	"2"	"1"	"2"	"2"	"4"	"5"	"5"	"1"
"ACGATCAGTTGTCTAG"	"0"	"0"	"0"	"1"	"1"	"2"	"2"	"2"	"2"	"1"	"1"
"ACGATCATCACGAGGA"	"0"	"0"	"0"	"2"	"1"	"2"	"2"	"2"	"2"	"1"	"1"
"ACGATGTAGCCAGTAG"	"1"	"1"	"1"	"0"	"0"	"1"	"0"	"0"	"1"	"2"	"0"
"ACGGTCGTCCGCACGA"	"1"	"1"	"1"	"0"	"0"	"1"	"0"	"0"	"1"	"2"	"0"
"ACGGTCGTCGATGCTA"	"1"	"1"	"1"	"0"	"0"	"1"	"0"	"0"	"1"	"2"	"0"
"ACGGTTAGTAACTTCG"	"0"	"0"	"0"	"2"	"1"	"2"	"2"	"2"	"2"	"1"	"1"
"ACTATTCTCACGATAC"	"1"	"1"	"1"	"0"	"0"	"1"	"0"	"0"	"1"	"2"	"0"
"ACTTAGGGTAGAGACC"	"1"	"1"	"1"	"0"	"0"	"1"	"0"	"0"	"1"	"3"	"0"
"ACTTAGGGTATCTCTT"	"1"	"1"	"1"	"0"	"0"	"1"	"0"	"0"	"4"	"3"	"0"
"ACTTATCCATACCGTA"	"0"	"0"	"0"	"2"	"1"	"2"	"2"	"2"	"2"	"1"	"1"
"ACTTTCACAAAGAGTT"	"1"	"1"	"1"	"0"	"0"	"1"	"0"	"0"	"1"	"2"	"0"
"ACTTTGTAGTCCGTCG"	"1"	"1"	"1"	"0"	"0"	"1"	"0"	"0"	"1"	"2"	"0"
"ACTTTGTGTTAATCGC"	"1"	"1"	"1"	"2"	"3"	"4"	"4"	"5"	"6"	"6"	"3"
"ACTTTGTGTTCTTAGG"	"1"	"1"	"1"	"0"	"0"	"1"	"0"	"0"	"1"	"2"	"0"
"ACTTTGTGTTTCGACA"	"1"	"1"	"1"	"0"	"0"	"1"	"0"	"0"	"1"	"3"	"0"
"AGAACAAGTTGCCGCA"	"1"	"1"	"1"	"0"	"0"	"1"	"0"	"0"	"4"	"3"	"0"
"AGAACCTTCACTGCTC"	"1"	"1"	"1"	"2"	"1"	"2"	"2"	"2"	"2"	"1"	"1"
"AGACACTCACTGATTG"	"1"	"1"	"1"	"0"	"0"	"1"	"0"	"0"	"1"	"2"	"0"
"AGACTCAGTCCGGTCA"	"0"	"0"	"0"	"2"	"1"	"2"	"2"	"2"	"2"	"1"	"1"
"AGACTCAGTTCCCAAA"	"0"	"0"	"0"	"2"	"1"	"2"	"2"	"2"	"2"	"1"	"1"
"AGAGCCCGTACGTGAG"	"1"	"1"	"1"	"0"	"0"	"1"	"0"	"0"	"1"	"2"	"0"
"AGAGCCCGTGAGCTCC"	"0"	"0"	"0"	"2"	"1"	"2"	"2"	"4"	"5"	"5"	"1"
"AGATCGTAGTAGTCAA"	"1"	"1"	"1"	"0"	"0"	"1"	"0"	"0"	"1"	"2"	"0"
"AGCATCAAGACATCCT"	"1"	"1"	"1"	"0"	"2"	"3"	"3"	"3"	"3"	"4"	"2"
"AGCCACGAGGTTCAGG"	"0"	"0"	"0"	"2"	"1"	"2"	"2"	"2"	"2"	"1"	"1"
"AGCCACGGTTCGATTG"	"1"	"1"	"1"	"0"	"0"	"1"	"0"	"0"	"1"	"3"	"0"
"AGCGCTGCACTCTCGT"	"1"	"1"	"1"	"0"	"0"	"1"	"0"	"0"	"1"	"2"	"0"
"AGCGTCGCAGGCACTC"	"1"	"1"	"1"	"0"	"0"	"1"	"0"	"0"	"1"	"2"	"0"
"AGGAAATGTATGTCAC"	"0"	"0"	"0"	"2"	"1"	"2"	"2"	"2"	"2"	"1"	"1"
"AGGAGGTGTGCTGCAC"	"1"	"1"	"1"	"2"	"3"	"4"	"4"	"5"	"6"	"6"	"3"
"AGGAGGTTCCCTCTTT"	"1"	"1"	"1"	"0"	"2"	"3"	"3"	"3"	"3"	"4"	"2"
"AGGCTGCCAAAGCAAT"	"1"	"1"	"1"	"2"	"3"	"2"	"4"	"5"	"6"	"6"	"3"
"AGGGAGTGTACTCGTA"	"1"	"1"	"1"	"0"	"0"	"1"	"0"	"0"	"1"	"2"	"0"
"AGGGCCTGTAGGGTAC"	"1"	"1"	"1"	"0"	"0"	"1"	"0"	"0"	"1"	"2"	"0"
"AGGGTTTCAGGACATG"	"1"	"1"	"1"	"0"	"0"	"1"	"0"	"0"	"4"	"3"	"0"
"AGGTCTACAATTGCTG"	"0"	"0"	"1"	"2"	"1"	"2"	"2"	"2"	"2"	"1"	"1"
"AGGTTACGTCGTACTA"	"1"	"1"	"1"	"0"	"0"	"1"	"0"	"0"	"1"	"2"	"0"
"AGTACCAAGTTGCGCC"	"1"	"1"	"1"	"0"	"0"	"1"	"0"	"0"	"4"	"3"	"0"
"AGTAGTCTCCTACAAG"	"0"	"0"	"0"	"2"	"1"	"2"	"2"	"2"	"2"	"1"	"1"
"AGTGACTCAGCGACCT"	"1"	"1"	"1"	"0"	"2"	"3"	"3"	"3"	"3"	"4"	"2"
"AGTGTTGCATCGAAGG"	"1"	"1"	"1"	"0"	"0"	"1"	"0"	"0"	"4"	"3"	"0"
"AGTTAGCCACCGTCGA"	"0"	"0"	"0"	"2"	"1"	"2"	"2"	"2"	"2"	"1"	"1"
"AGTTCGAAGCCTATCA"	"1"	"1"	"1"	"0"	"0"	"1"	"0"	"0"	"1"	"3"	"0"
"ATAGACCCATCACCAA"	"0"	"0"	"0"	"2"	"1"	"2"	"2"	"4"	"5"	"5"	"1"
"ATCCATTTCACCACAA"	"1"	"1"	"1"	"0"	"0"	"1"	"0"	"0"	"1"	"2"	"0"
"ATCCCTGTCATGAGAA"	"0"	"0"	"0"	"2"	"1"	"2"	"2"	"2"	"2"	"1"	"1"
"ATCCGTCTCATAAGGA"	"1"	"1"	"1"	"0"	"0"	"1"	"0"	"0"	"1"	"3"	"0"
"ATCGGCGTCAGATGCT"	"0"	"0"	"0"	"2"	"1"	"2"	"2"	"2"	"2"	"1"	"1"
"ATCGTAGGTCCACATA"	"1"	"1"	"1"	"0"	"0"	"1"	"0"	"0"	"4"	"3"	"0"
"ATCGTAGGTGTCATTG"	"1"	"1"	"1"	"0"	"0"	"1"	"0"	"0"	"1"	"2"	"0"
"ATCGTAGGTTGCAAGG"	"0"	"0"	"0"	"2"	"1"	"2"	"2"	"2"	"2"	"1"	"1"
"ATCTCTAGTGCGGATA"	"1"	"1"	"1"	"0"	"0"	"1"	"0"	"0"	"1"	"3"	"0"
"ATGAAAGCAGTGTGGA"	"1"	"1"	"1"	"0"	"0"	"1"	"0"	"0"	"1"	"2"	"0"
"ATGAGGGAGAGGTCAC"	"0"	"0"	"0"	"2"	"1"	"2"	"2"	"2"	"2"	"1"	"1"
"ATGAGTCAGTCTGCAT"	"1"	"1"	"1"	"0"	"2"	"3"	"3"	"3"	"3"	"4"	"2"
"ATGAGTCTCCTTATCA"	"0"	"0"	"0"	"2"	"1"	"2"	"2"	"2"	"2"	"1"	"1"
"ATGCCTCTCCACTTCG"	"1"	"1"	"1"	"0"	"0"	"1"	"0"	"0"	"1"	"2"	"0"
"ATGGAGGAGTGGTTCT"	"1"	"1"	"1"	"0"	"0"	"1"	"0"	"0"	"1"	"2"	"0"
"ATGGATCAGCACCTGC"	"1"	"1"	"1"	"0"	"0"	"1"	"0"	"0"	"1"	"2"	"0"
"ATGGGTTAGAGAACCC"	"1"	"1"	"1"	"0"	"0"	"1"	"0"	"0"	"1"	"2"	"0"
"ATTACCTGTTGACTAC"	"1"	"1"	"1"	"0"	"0"	"1"	"0"	"0"	"1"	"3"	"0"
"ATTCACTTCATCGTAG"	"1"	"1"	"1"	"0"	"0"	"1"	"0"	"0"	"1"	"2"	"0"
"ATTCACTTCTCATTAC"	"0"	"0"	"0"	"2"	"1"	"2"	"2"	"2"	"2"	"1"	"1"
"ATTCATCAGACTCCGC"	"1"	"1"	"1"	"2"	"1"	"2"	"2"	"2"	"2"	"1"	"1"
"ATTCATCTCGTCACCT"	"1"	"1"	"1"	"0"	"0"	"1"	"0"	"0"	"4"	"3"	"0"
"ATTCCATAGGAACGCT"	"1"	"1"	"1"	"0"	"0"	"1"	"0"	"0"	"1"	"2"	"0"
"ATTCCATTCGGTCATA"	"1"	"1"	"1"	"0"	"0"	"1"	"0"	"0"	"1"	"2"	"0"
"ATTCCCGTCTAGGCCG"	"1"	"1"	"1"	"2"	"1"	"2"	"2"	"2"	"2"	"1"	"1"
"ATTCCTAAGATCGGTG"	"1"	"1"	"1"	"0"	"0"	"1"	"0"	"0"	"4"	"3"	"0"
"ATTCCTACAACTCGAT"	"0"	"0"	"0"	"2"	"1"	"2"	"2"	"2"	"2"	"1"	"1"
"ATTCGTTAGGGTATAT"	"1"	"1"	"1"	"0"	"0"	"1"	"0"	"0"	"1"	"2"	"0"
"ATTCGTTGTAGTCGGA"	"0"	"0"	"0"	"2"	"1"	"2"	"2"	"2"	"2"	"1"	"1"
"ATTCGTTGTCACGCTG"	"1"	"1"	"1"	"0"	"0"	"1"	"0"	"0"	"1"	"3"	"0"
"ATTGGGTCAAAGGCAC"	"1"	"1"	"1"	"2"	"0"	"2"	"0"	"2"	"1"	"2"	"0"
"ATTGTTCCAGAACGCA"	"0"	"0"	"0"	"2"	"1"	"2"	"2"	"2"	"2"	"1"	"1"
"ATTGTTCTCACCTCAC"	"0"	"0"	"0"	"2"	"1"	"2"	"2"	"2"	"2"	"1"	"1"
"ATTTACCAGCTCTTCC"	"0"	"0"	"0"	"2"	"1"	"2"	"2"	"2"	"2"	"1"	"1"
"ATTTCACGTACGATGG"	"1"	"1"	"1"	"0"	"0"	"1"	"0"	"0"	"1"	"2"	"0"
"ATTTCACTCGCCACTT"	"0"	"0"	"0"	"2"	"1"	"2"	"2"	"2"	"2"	"1"	"1"
"ATTTCTGAGACTAGAT"	"1"	"1"	"1"	"0"	"0"	"1"	"0"	"0"	"1"	"2"	"0"
"CAAAGAAGTCTAACGT"	"1"	"1"	"1"	"0"	"0"	"1"	"0"	"0"	"1"	"2"	"0"
"CAACCTCAGCTGTACT"	"0"	"0"	"0"	"2"	"1"	"2"	"2"	"2"	"2"	"1"	"1"
"CAACGGCAGCGTGAGT"	"1"	"1"	"1"	"0"	"0"	"1"	"0"	"0"	"1"	"2"	"0"
"CAAGAGGAGCCAAGTG"	"0"	"0"	"0"	"2"	"1"	"2"	"2"	"4"	"5"	"5"	"1"
"CAATTTCTCGGCTGTG"	"1"	"1"	"1"	"0"	"0"	"1"	"0"	"0"	"1"	"3"	"0"
"CACAACACAGGCATTT"	"0"	"0"	"0"	"2"	"1"	"2"	"2"	"2"	"2"	"1"	"1"
"CACAACACATACATCG"	"1"	"1"	"1"	"0"	"0"	"1"	"0"	"0"	"1"	"3"	"0"
"CACATGATCCGATCTC"	"0"	"0"	"0"	"2"	"1"	"2"	"2"	"2"	"2"	"1"	"1"
"CACCGTTAGCAGGGAG"	"0"	"0"	"0"	"2"	"1"	"2"	"2"	"2"	"2"	"1"	"1"
"CACGGGTAGACAGCTG"	"0"	"0"	"0"	"2"	"1"	"2"	"2"	"2"	"2"	"1"	"1"
"CACGTGGTCTGAGATC"	"0"	"0"	"0"	"2"	"1"	"2"	"2"	"2"	"2"	"1"	"1"
"CACTGAAGTTAGGGTG"	"1"	"1"	"1"	"0"	"0"	"1"	"0"	"0"	"1"	"3"	"0"
"CACTGAATCGTTCTCG"	"1"	"1"	"1"	"0"	"0"	"1"	"0"	"0"	"1"	"2"	"0"
"CACTGGGCATCTGGGC"	"1"	"1"	"1"	"2"	"3"	"4"	"4"	"5"	"6"	"6"	"3"
"CACTGTCCATGGCCCA"	"1"	"1"	"1"	"0"	"0"	"1"	"0"	"0"	"1"	"2"	"0"
"CACTGTCTCCGAGATT"	"1"	"1"	"1"	"0"	"2"	"3"	"3"	"3"	"3"	"4"	"2"
"CACTTCGTCCTCTAAT"	"0"	"0"	"0"	"2"	"1"	"2"	"2"	"2"	"2"	"1"	"1"
"CAGAGCCCAAGCGATG"	"1"	"1"	"1"	"0"	"0"	"1"	"0"	"0"	"4"	"3"	"0"
"CAGATACAGTTGCGAG"	"0"	"0"	"0"	"2"	"1"	"2"	"2"	"2"	"2"	"1"	"1"
"CAGATCAAGTTAACAG"	"0"	"0"	"0"	"1"	"1"	"2"	"2"	"2"	"2"	"1"	"1"
"CAGATTGAGAGTACCG"	"1"	"1"	"1"	"0"	"0"	"1"	"0"	"0"	"4"	"3"	"0"
"CAGCAATTCTCCTGAC"	"0"	"0"	"0"	"2"	"1"	"2"	"2"	"2"	"2"	"1"	"1"
"CAGCAGCCAAGTTGGG"	"1"	"1"	"1"	"0"	"2"	"3"	"3"	"3"	"3"	"4"	"2"
"CAGCAGCTCTAAGAAG"	"0"	"0"	"0"	"2"	"1"	"2"	"2"	"2"	"2"	"1"	"1"
"CAGGGCTCAAACGTGG"	"0"	"0"	"0"	"2"	"1"	"2"	"2"	"2"	"2"	"1"	"1"
"CATAGACAGCCGAACA"	"1"	"1"	"1"	"0"	"0"	"1"	"0"	"0"	"4"	"3"	"0"
"CATCCACGTAACGATA"	"1"	"1"	"1"	"2"	"0"	"2"	"2"	"2"	"2"	"1"	"0"
"CATCCGTAGGGAGATA"	"1"	"1"	"1"	"0"	"0"	"1"	"0"	"0"	"1"	"2"	"0"
"CATGAGTAGTAGCAAT"	"1"	"1"	"1"	"0"	"2"	"3"	"3"	"3"	"3"	"4"	"2"
"CATGAGTCAAGCGAGT"	"1"	"1"	"1"	"0"	"0"	"1"	"0"	"0"	"1"	"2"	"0"
"CATGCCTGTGACTCGC"	"1"	"1"	"1"	"0"	"2"	"1"	"0"	"0"	"4"	"3"	"2"
"CATGGATCAGCGCGTT"	"1"	"1"	"1"	"0"	"0"	"1"	"0"	"0"	"1"	"2"	"0"
"CATTCATGTCTATGAC"	"1"	"1"	"1"	"0"	"0"	"1"	"0"	"0"	"1"	"2"	"0"
"CATTCCGGTACTAGCT"	"1"	"1"	"1"	"0"	"0"	"1"	"0"	"0"	"1"	"2"	"0"
"CATTGTTCAAGTACCT"	"1"	"1"	"1"	"0"	"2"	"3"	"3"	"3"	"3"	"4"	"2"
"CATTTCAAGATTAGAC"	"1"	"1"	"1"	"0"	"0"	"1"	"0"	"0"	"1"	"2"	"0"
"CCAATTTCACAAACGG"	"1"	"1"	"1"	"0"	"0"	"1"	"0"	"0"	"1"	"3"	"0"
"CCACAAAGTAGCTCGC"	"0"	"0"	"0"	"2"	"1"	"2"	"2"	"2"	"2"	"1"	"1"
"CCACACTAGCAAATCA"	"1"	"1"	"1"	"0"	"0"	"1"	"0"	"0"	"1"	"3"	"0"
"CCACACTCATCTTCGC"	"0"	"0"	"0"	"2"	"1"	"2"	"2"	"2"	"2"	"1"	"1"
"CCACACTTCTTGGTGA"	"1"	"1"	"1"	"0"	"0"	"1"	"0"	"0"	"1"	"2"	"0"
"CCACCATTCCGCTAGG"	"1"	"1"	"1"	"0"	"0"	"1"	"0"	"0"	"1"	"2"	"0"
"CCACGAGAGTGTACAA"	"1"	"1"	"1"	"0"	"0"	"1"	"0"	"0"	"3"	"4"	"0"
"CCATAAGAGTCTACCA"	"0"	"0"	"0"	"2"	"1"	"2"	"2"	"2"	"2"	"1"	"1"
"CCATAAGCAAACGGCA"	"1"	"1"	"1"	"0"	"0"	"1"	"0"	"0"	"1"	"2"	"0"
"CCATAAGTCCACGTAA"	"0"	"0"	"0"	"2"	"1"	"2"	"2"	"2"	"2"	"5"	"1"
"CCATAAGTCGCTACGG"	"1"	"1"	"1"	"0"	"0"	"1"	"0"	"0"	"1"	"2"	"0"
"CCCATTGAGCAAGGAA"	"1"	"1"	"1"	"0"	"2"	"3"	"3"	"3"	"3"	"4"	"2"
"CCCTCAAAGTTGCATC"	"0"	"0"	"0"	"2"	"1"	"2"	"2"	"2"	"2"	"1"	"1"
"CCCTCTCCACAGCATT"	"1"	"1"	"1"	"0"	"2"	"3"	"3"	"3"	"3"	"4"	"2"
"CCCTGATCATTGAGCT"	"1"	"1"	"1"	"0"	"2"	"3"	"3"	"3"	"3"	"4"	"2"
"CCCTTAGTCCCGAAAT"	"0"	"0"	"0"	"2"	"1"	"2"	"2"	"2"	"2"	"1"	"1"
"CCGATCTAGCACTAGG"	"1"	"1"	"1"	"0"	"0"	"1"	"0"	"0"	"1"	"2"	"0"
"CCGATGGGTCGCGTCA"	"0"	"0"	"0"	"2"	"1"	"2"	"2"	"2"	"2"	"1"	"1"
"CCGATGGGTTGTGCAT"	"1"	"1"	"1"	"0"	"0"	"1"	"0"	"0"	"1"	"2"	"0"
"CCGCAAGCACCGGTCA"	"0"	"0"	"0"	"2"	"1"	"2"	"2"	"2"	"2"	"1"	"1"
"CCGGTGAGTCCAAGAG"	"1"	"1"	"1"	"0"	"2"	"3"	"3"	"3"	"3"	"4"	"2"
"CCGGTGATCGTGGGAA"	"1"	"1"	"1"	"2"	"3"	"4"	"4"	"5"	"6"	"6"	"3"
"CCTAAGACATTGTCGA"	"1"	"1"	"1"	"0"	"2"	"3"	"3"	"3"	"3"	"4"	"2"
"CCTATCGTCGCGTTTC"	"0"	"0"	"0"	"2"	"1"	"2"	"2"	"2"	"2"	"1"	"1"
"CCTCAACCACCCGTAG"	"1"	"1"	"1"	"0"	"0"	"1"	"0"	"0"	"4"	"3"	"0"
"CCTTGTGGTTACGTAC"	"1"	"1"	"1"	"0"	"0"	"1"	"0"	"0"	"1"	"2"	"0"
"CGAATTGTCCAACCAA"	"1"	"1"	"1"	"0"	"0"	"1"	"0"	"0"	"1"	"2"	"0"
"CGAGTGCAGTGGAATT"	"1"	"1"	"1"	"0"	"0"	"1"	"0"	"0"	"1"	"2"	"0"
"CGAGTGCTCGTAATGC"	"1"	"1"	"1"	"0"	"0"	"1"	"0"	"0"	"1"	"2"	"0"
"CGATGCGCAACTGTGT"	"1"	"1"	"1"	"0"	"0"	"1"	"0"	"0"	"4"	"3"	"0"
"CGATGGCCAATTTCCT"	"1"	"1"	"1"	"0"	"0"	"1"	"0"	"0"	"1"	"3"	"0"
"CGCAGGTTCAGTCAGT"	"1"	"1"	"1"	"0"	"0"	"1"	"0"	"0"	"1"	"2"	"0"
"CGCATGGTCAAATGCC"	"0"	"0"	"0"	"2"	"1"	"2"	"2"	"2"	"2"	"1"	"1"
"CGGAATTGTTTACCAG"	"1"	"1"	"1"	"0"	"2"	"3"	"3"	"3"	"3"	"4"	"2"
"CGGAGAACATGACGTT"	"1"	"1"	"1"	"0"	"0"	"1"	"0"	"0"	"4"	"3"	"0"
"CGGCAGTAGCCATTTG"	"0"	"0"	"0"	"1"	"1"	"2"	"2"	"2"	"2"	"1"	"1"
"CGGGTCACATGGTACT"	"1"	"1"	"1"	"0"	"2"	"3"	"3"	"3"	"3"	"4"	"2"
"CGTAATGTCGTTCCTG"	"1"	"1"	"1"	"0"	"0"	"1"	"0"	"0"	"1"	"2"	"0"
"CGTCAAAAGCCGTCGT"	"0"	"0"	"0"	"2"	"1"	"2"	"2"	"2"	"2"	"1"	"1"
"CGTCCATCAGGCAATG"	"0"	"0"	"0"	"2"	"1"	"2"	"2"	"2"	"2"	"1"	"1"
"CGTGATATCAGAGCAG"	"1"	"1"	"1"	"0"	"0"	"1"	"0"	"0"	"1"	"2"	"0"
"CGTGTCTCAGTATACC"	"0"	"0"	"0"	"2"	"1"	"2"	"2"	"4"	"5"	"5"	"1"
"CGTGTCTGTGTTGACT"	"0"	"0"	"0"	"2"	"1"	"2"	"2"	"2"	"2"	"1"	"1"
"CGTTCTGCATCTAGAC"	"1"	"1"	"1"	"0"	"2"	"3"	"3"	"3"	"3"	"4"	"2"
"CGTTCTGTCAGCTCTC"	"1"	"1"	"1"	"0"	"0"	"1"	"0"	"0"	"4"	"3"	"0"
"CTAACTTAGGAAAGGT"	"1"	"1"	"1"	"0"	"0"	"1"	"0"	"0"	"1"	"2"	"0"
"CTAACTTCACTACCCT"	"1"	"1"	"1"	"0"	"0"	"1"	"0"	"0"	"4"	"3"	"0"
"CTAACTTTCCTCACTG"	"0"	"0"	"0"	"2"	"1"	"2"	"2"	"2"	"2"	"1"	"1"
"CTACCCACACTGGCCA"	"1"	"1"	"1"	"0"	"0"	"1"	"0"	"0"	"4"	"3"	"0"
"CTACCTGCAATCGTCA"	"1"	"1"	"1"	"0"	"0"	"1"	"0"	"0"	"1"	"3"	"0"
"CTACTATAGCAACAAT"	"1"	"1"	"1"	"2"	"0"	"2"	"2"	"2"	"2"	"1"	"0"
"CTACTATGTCATATGC"	"1"	"1"	"1"	"0"	"0"	"1"	"0"	"0"	"4"	"3"	"0"
"CTATCCGGTCAAGGCA"	"1"	"1"	"1"	"0"	"0"	"1"	"0"	"0"	"1"	"2"	"0"
"CTCAATTAGCACACAG"	"0"	"0"	"0"	"2"	"1"	"2"	"2"	"2"	"2"	"1"	"1"
"CTCACTGCAGCGGTTC"	"1"	"1"	"1"	"0"	"0"	"1"	"0"	"0"	"1"	"2"	"0"
"CTCACTGCAGGACGAT"	"0"	"0"	"0"	"2"	"1"	"2"	"2"	"2"	"2"	"1"	"1"
"CTCACTGGTCAGTCCG"	"1"	"1"	"1"	"0"	"0"	"1"	"0"	"0"	"4"	"3"	"0"
"CTCAGAAAGAAGTCAT"	"1"	"1"	"1"	"0"	"2"	"3"	"3"	"3"	"3"	"4"	"2"
"CTCAGTCGTTTCTTAC"	"1"	"1"	"1"	"0"	"0"	"1"	"0"	"0"	"1"	"2"	"0"
"CTCATTACATAATGAG"	"1"	"1"	"1"	"0"	"0"	"1"	"0"	"0"	"1"	"2"	"0"
"CTCCAACCAGTGCCTG"	"1"	"1"	"1"	"2"	"1"	"2"	"2"	"2"	"2"	"1"	"1"
"CTCCACACATCAGCTA"	"1"	"1"	"1"	"0"	"0"	"1"	"0"	"0"	"1"	"3"	"0"
"CTCCACATCAACACCA"	"0"	"0"	"0"	"2"	"1"	"2"	"2"	"2"	"2"	"1"	"1"
"CTCCGATTCGGATTAC"	"0"	"0"	"0"	"2"	"1"	"2"	"2"	"2"	"2"	"1"	"1"
"CTCCTTTCAGATCACT"	"0"	"0"	"0"	"2"	"1"	"2"	"2"	"2"	"2"	"1"	"1"
"CTCTGGTGTGGGACAT"	"0"	"0"	"0"	"2"	"1"	"2"	"2"	"2"	"2"	"1"	"1"
"CTGAGGCCATCATCTT"	"0"	"0"	"0"	"2"	"1"	"2"	"2"	"4"	"5"	"5"	"1"
"CTGCTCAGTTACCTGA"	"0"	"0"	"0"	"2"	"1"	"2"	"2"	"2"	"2"	"1"	"1"
"CTGGACGCATGGCCCA"	"1"	"1"	"1"	"2"	"1"	"2"	"2"	"2"	"2"	"1"	"1"
"CTGGACGGTGGCGCTT"	"0"	"0"	"0"	"2"	"1"	"2"	"2"	"2"	"2"	"1"	"1"
"CTGTAGACAGCAGTTT"	"1"	"1"	"1"	"0"	"2"	"3"	"3"	"3"	"3"	"4"	"2"
"CTGTAGATCACTGAAC"	"1"	"1"	"1"	"0"	"0"	"1"	"0"	"0"	"1"	"2"	"0"
"CTGTCGTTCGCTAAAC"	"1"	"1"	"1"	"0"	"0"	"1"	"0"	"0"	"1"	"2"	"0"
"CTTCAATTCCTATTTG"	"1"	"1"	"1"	"0"	"0"	"1"	"0"	"0"	"1"	"3"	"0"
"CTTCAATTCTGCTCTG"	"1"	"1"	"1"	"0"	"0"	"1"	"0"	"0"	"1"	"2"	"0"
"CTTCCGAAGACTAGAT"	"1"	"1"	"1"	"0"	"0"	"1"	"0"	"0"	"1"	"2"	"0"
"CTTCCGACATACGCAT"	"0"	"0"	"0"	"2"	"1"	"2"	"2"	"2"	"5"	"5"	"1"
"CTTCCTTAGTTCTCTT"	"0"	"0"	"0"	"2"	"1"	"2"	"2"	"2"	"2"	"1"	"1"
"CTTCGGTGTGATATAG"	"1"	"1"	"1"	"0"	"2"	"3"	"3"	"3"	"3"	"4"	"2"
"CTTCTCTTCCTGTAGA"	"1"	"1"	"1"	"0"	"2"	"3"	"3"	"3"	"3"	"4"	"2"
"CTTGAGAAGCCGTCGT"	"1"	"1"	"1"	"0"	"2"	"3"	"3"	"3"	"3"	"4"	"2"
"CTTGAGAAGGAGAGGC"	"1"	"1"	"1"	"0"	"2"	"3"	"3"	"3"	"3"	"4"	"2"
"CTTGAGATCTTTGATC"	"0"	"0"	"0"	"2"	"1"	"2"	"2"	"2"	"2"	"1"	"1"
"CTTTCAAAGTCTAGAA"	"1"	"1"	"1"	"0"	"0"	"1"	"0"	"0"	"1"	"2"	"0"
"GAACACTCATTGACCA"	"0"	"0"	"0"	"2"	"1"	"2"	"2"	"2"	"2"	"1"	"1"
"GAACACTGTACAAGTA"	"1"	"1"	"1"	"0"	"0"	"1"	"0"	"0"	"1"	"3"	"0"
"GAACTGTAGCAATTAG"	"0"	"0"	"0"	"2"	"1"	"2"	"2"	"2"	"2"	"1"	"1"
"GAAGCGAAGTTTGAGA"	"1"	"1"	"1"	"0"	"0"	"1"	"0"	"0"	"1"	"2"	"0"
"GAAGGACAGTACTGTC"	"1"	"1"	"1"	"0"	"0"	"1"	"0"	"0"	"1"	"2"	"0"
"GAAGGGTTCTCGTGGG"	"1"	"1"	"1"	"0"	"0"	"1"	"0"	"0"	"1"	"2"	"0"
"GAAGTAACATTCACCC"	"1"	"1"	"1"	"0"	"0"	"1"	"0"	"0"	"1"	"3"	"0"
"GAATAGAAGACTTGTC"	"0"	"0"	"0"	"2"	"1"	"2"	"2"	"2"	"2"	"1"	"1"
"GAATAGAAGTTGAAAC"	"0"	"0"	"0"	"2"	"1"	"2"	"2"	"2"	"2"	"1"	"1"
"GAATCGTAGTGGCGAT"	"1"	"1"	"1"	"0"	"0"	"1"	"0"	"0"	"1"	"2"	"0"
"GACATCATCGAAGAAT"	"1"	"1"	"1"	"0"	"0"	"1"	"0"	"0"	"1"	"2"	"0"
"GACCAATGTCTAACGT"	"1"	"1"	"1"	"0"	"0"	"1"	"0"	"0"	"1"	"2"	"0"
"GACCCAGGTAGTGTGG"	"1"	"1"	"1"	"0"	"0"	"1"	"0"	"0"	"1"	"2"	"0"
"GACCTTCCAACCAGAG"	"1"	"1"	"1"	"0"	"0"	"1"	"0"	"0"	"1"	"2"	"0"
"GACTATGTCTTACGGA"	"1"	"1"	"1"	"0"	"0"	"1"	"0"	"0"	"1"	"2"	"0"
"GAGAGGTAGTATGAAC"	"0"	"0"	"0"	"2"	"1"	"2"	"2"	"2"	"2"	"1"	"1"
"GAGATGGAGACAGCTG"	"1"	"1"	"1"	"0"	"0"	"1"	"0"	"0"	"1"	"2"	"0"
"GAGCTGCAGCGGATCA"	"1"	"1"	"1"	"2"	"0"	"1"	"0"	"0"	"1"	"2"	"0"
"GAGTCATCAGTCGTTA"	"0"	"0"	"0"	"2"	"1"	"2"	"2"	"2"	"2"	"1"	"1"
"GAGTGAGGTATCGGTT"	"1"	"1"	"1"	"0"	"0"	"1"	"0"	"0"	"1"	"2"	"0"
"GAGTTACTCTCACTCG"	"1"	"1"	"1"	"0"	"0"	"1"	"0"	"0"	"1"	"2"	"0"
"GAGTTGTTCCAGGACC"	"1"	"1"	"1"	"0"	"0"	"1"	"0"	"0"	"1"	"2"	"0"
"GATAGAAGTCATCACA"	"1"	"1"	"1"	"0"	"0"	"1"	"0"	"0"	"1"	"3"	"0"
"GATCATGGTGCAATGG"	"0"	"0"	"0"	"2"	"1"	"2"	"2"	"2"	"2"	"1"	"1"
"GATCCCTAGCCATATC"	"0"	"0"	"0"	"2"	"1"	"2"	"2"	"2"	"2"	"1"	"1"
"GATCCCTGTGACTCTA"	"1"	"1"	"1"	"0"	"2"	"3"	"3"	"3"	"3"	"4"	"2"
"GATGAGGTCCCAAGTA"	"1"	"1"	"1"	"0"	"0"	"1"	"0"	"0"	"1"	"2"	"0"
"GATGAGGTCGAAGCCC"	"1"	"1"	"1"	"0"	"0"	"1"	"0"	"0"	"1"	"2"	"0"
"GATGATCAGACATAAC"	"1"	"1"	"1"	"0"	"0"	"1"	"0"	"0"	"1"	"2"	"0"
"GATGCTAAGTCTCGTA"	"1"	"1"	"1"	"0"	"0"	"1"	"0"	"0"	"1"	"2"	"0"
"GATGCTAGTGCGCTCA"	"1"	"1"	"1"	"0"	"0"	"1"	"0"	"0"	"1"	"2"	"0"
"GATGCTAGTGCTCTTC"	"1"	"1"	"1"	"0"	"0"	"1"	"0"	"0"	"4"	"3"	"0"
"GATGGAGCAACCACAT"	"0"	"0"	"0"	"2"	"1"	"2"	"2"	"2"	"2"	"1"	"1"
"GATTCTTCATAAGCAA"	"0"	"0"	"0"	"2"	"1"	"2"	"2"	"2"	"2"	"1"	"1"
"GATTTCTAGTTCCGTA"	"0"	"0"	"0"	"2"	"1"	"2"	"2"	"2"	"2"	"1"	"1"
"GCAACATGTCCGGTCA"	"1"	"1"	"1"	"0"	"2"	"3"	"3"	"3"	"3"	"4"	"2"
"GCAACCGTCTCTTGCG"	"1"	"1"	"1"	"0"	"0"	"1"	"0"	"0"	"1"	"2"	"0"
"GCACGGTAGCTTAGTC"	"0"	"0"	"0"	"2"	"1"	"2"	"2"	"2"	"2"	"1"	"1"
"GCACGTGAGGTTGGTG"	"1"	"1"	"1"	"2"	"0"	"2"	"2"	"2"	"2"	"2"	"0"
"GCACGTGGTGCTAGCC"	"0"	"0"	"0"	"2"	"1"	"2"	"2"	"2"	"2"	"1"	"1"
"GCAGGCTGTAGACAAT"	"1"	"1"	"1"	"0"	"2"	"3"	"3"	"3"	"3"	"4"	"2"
"GCATGATCAATAACCC"	"0"	"0"	"0"	"2"	"1"	"2"	"2"	"2"	"2"	"1"	"1"
"GCCAGCATCTCTTCAA"	"0"	"0"	"0"	"2"	"1"	"2"	"2"	"2"	"2"	"1"	"1"
"GCCAGTGCACATCCCT"	"1"	"1"	"1"	"0"	"0"	"1"	"0"	"0"	"1"	"2"	"0"
"GCCCAGAAGCTGTACT"	"1"	"1"	"1"	"2"	"1"	"2"	"2"	"2"	"2"	"1"	"1"
"GCCCAGACAGAATGTA"	"1"	"1"	"1"	"0"	"0"	"1"	"0"	"0"	"1"	"3"	"0"
"GCCCAGATCTTGCAAG"	"1"	"1"	"1"	"0"	"0"	"1"	"0"	"0"	"1"	"2"	"0"
"GCGAGAAGTGTGATGG"	"1"	"1"	"1"	"0"	"2"	"3"	"3"	"3"	"3"	"4"	"2"
"GCGATCGAGAGCTGCA"	"1"	"1"	"1"	"0"	"2"	"3"	"3"	"3"	"3"	"4"	"2"
"GCTACAACATATGCGT"	"1"	"1"	"1"	"0"	"0"	"1"	"0"	"0"	"1"	"2"	"0"
"GCTACCTGTAATGATG"	"1"	"1"	"1"	"0"	"0"	"1"	"0"	"0"	"4"	"3"	"0"
"GCTACCTTCTTCCACG"	"0"	"0"	"0"	"2"	"1"	"2"	"2"	"2"	"2"	"1"	"1"
"GCTCAAATCAATCAGC"	"1"	"1"	"1"	"2"	"3"	"4"	"4"	"5"	"6"	"6"	"3"
"GCTGAATCATGTCAGT"	"0"	"0"	"0"	"2"	"1"	"2"	"2"	"2"	"2"	"1"	"1"
"GCTGCAGGTATCCCAA"	"1"	"1"	"1"	"0"	"0"	"1"	"0"	"0"	"1"	"2"	"0"
"GCTTCACCACGATAGG"	"0"	"0"	"0"	"2"	"1"	"2"	"2"	"2"	"2"	"1"	"1"
"GCTTTCGAGACCATTC"	"1"	"1"	"1"	"0"	"0"	"1"	"0"	"0"	"1"	"2"	"0"
"GGAATGGCACATTCTT"	"1"	"1"	"1"	"0"	"0"	"1"	"0"	"0"	"4"	"3"	"0"
"GGAGAACGTCCATAGT"	"1"	"1"	"1"	"0"	"2"	"3"	"3"	"3"	"3"	"4"	"2"
"GGAGGATAGCAATTAG"	"1"	"1"	"1"	"0"	"0"	"1"	"0"	"0"	"1"	"2"	"0"
"GGAGGATGTAACTTCG"	"0"	"0"	"0"	"2"	"1"	"2"	"2"	"4"	"5"	"5"	"1"
"GGATCTATCGAGTACT"	"1"	"1"	"1"	"0"	"0"	"1"	"0"	"0"	"4"	"3"	"0"
"GGCAGTCAGTGCACCC"	"1"	"1"	"1"	"2"	"1"	"2"	"2"	"2"	"2"	"1"	"1"
"GGCGTCATCGGCCCAA"	"1"	"1"	"1"	"0"	"0"	"1"	"0"	"0"	"1"	"2"	"0"
"GGCTTTCGTCCACGCA"	"0"	"0"	"0"	"2"	"1"	"2"	"2"	"2"	"2"	"1"	"1"
"GGGAAGTAGGCCGCTT"	"1"	"1"	"1"	"0"	"2"	"3"	"3"	"3"	"3"	"4"	"2"
"GGGAAGTCATCCGGTG"	"1"	"1"	"1"	"0"	"0"	"1"	"0"	"0"	"1"	"2"	"0"
"GGGACAAGTGGCCCAT"	"1"	"1"	"1"	"0"	"0"	"1"	"0"	"0"	"1"	"2"	"0"
"GGGACCTAGCATTTGC"	"1"	"1"	"1"	"0"	"0"	"1"	"0"	"0"	"1"	"2"	"0"
"GGGACCTAGGGAGATA"	"0"	"0"	"0"	"2"	"1"	"2"	"2"	"2"	"2"	"1"	"1"
"GGGAGATGTTAGCGGA"	"0"	"0"	"0"	"2"	"1"	"2"	"2"	"2"	"2"	"1"	"1"
"GGGATCCTCATTTGTC"	"0"	"0"	"0"	"2"	"1"	"2"	"2"	"2"	"2"	"1"	"1"
"GGGCGTTCAACAAGTA"	"0"	"0"	"0"	"1"	"1"	"2"	"2"	"2"	"2"	"1"	"1"
"GGGCGTTTCAGAATAG"	"1"	"1"	"1"	"0"	"0"	"1"	"0"	"0"	"1"	"3"	"0"
"GGGTATTTCAGCTAGT"	"1"	"1"	"1"	"0"	"2"	"3"	"3"	"3"	"3"	"4"	"2"
"GGGTTATTCACGTCCT"	"0"	"0"	"0"	"2"	"1"	"2"	"2"	"2"	"2"	"1"	"1"
"GGTAACTGTGATCATC"	"1"	"1"	"1"	"0"	"0"	"1"	"0"	"0"	"1"	"3"	"0"
"GGTAATCTCGTTCCTG"	"1"	"1"	"1"	"0"	"0"	"1"	"0"	"0"	"1"	"2"	"0"
"GGTCTGGCAAGCACAG"	"0"	"0"	"0"	"2"	"1"	"2"	"2"	"2"	"2"	"1"	"1"
"GGTCTGGCAGCGATTT"	"1"	"1"	"1"	"0"	"0"	"1"	"0"	"0"	"1"	"2"	"0"
"GGTGAAGTCTGCCCTA"	"1"	"1"	"1"	"0"	"0"	"1"	"0"	"0"	"1"	"2"	"0"
"GGTGATTTCTATCGGA"	"1"	"1"	"1"	"0"	"2"	"3"	"3"	"3"	"3"	"4"	"2"
"GGTGTCGCACACACGC"	"0"	"0"	"0"	"2"	"1"	"2"	"2"	"2"	"2"	"1"	"1"
"GGTTAACTCGCAGTTA"	"0"	"0"	"0"	"2"	"1"	"2"	"2"	"4"	"5"	"5"	"1"
"GGTTCTCGTCGCTTGG"	"1"	"1"	"1"	"0"	"2"	"3"	"3"	"3"	"3"	"4"	"2"
"GGTTGTATCGCAGATT"	"0"	"0"	"0"	"2"	"1"	"2"	"2"	"2"	"2"	"1"	"1"
"GTAACACAGACCAACG"	"1"	"1"	"1"	"0"	"0"	"1"	"0"	"0"	"1"	"2"	"0"
"GTAACACTCTGAACGT"	"0"	"0"	"0"	"2"	"1"	"2"	"2"	"2"	"2"	"1"	"1"
"GTAACCACAGCTGTTA"	"0"	"0"	"0"	"2"	"1"	"2"	"2"	"2"	"2"	"1"	"1"
"GTAAGTCAGCTCCACG"	"0"	"0"	"0"	"1"	"1"	"2"	"2"	"2"	"2"	"1"	"1"
"GTAAGTCGTCTTTATC"	"1"	"1"	"1"	"0"	"0"	"1"	"0"	"0"	"1"	"2"	"0"
"GTAAGTCTCGCTAAAC"	"1"	"1"	"1"	"0"	"0"	"1"	"0"	"0"	"1"	"2"	"0"
"GTAAGTCTCTGTCCCA"	"1"	"1"	"1"	"0"	"0"	"1"	"0"	"0"	"1"	"3"	"0"
"GTAATGCAGCACCGTC"	"0"	"0"	"0"	"2"	"1"	"2"	"2"	"4"	"5"	"5"	"1"
"GTACAACGTACCTAGT"	"0"	"0"	"0"	"2"	"1"	"2"	"2"	"2"	"2"	"1"	"1"
"GTACAACTCACCTGTC"	"1"	"1"	"1"	"0"	"0"	"1"	"0"	"0"	"1"	"2"	"0"
"GTAGCTAAGGTTCACT"	"0"	"0"	"0"	"1"	"1"	"2"	"2"	"2"	"2"	"1"	"1"
"GTAGCTACAAAGGCAC"	"1"	"1"	"1"	"0"	"2"	"3"	"3"	"3"	"3"	"4"	"2"
"GTAGCTATCGCAACAT"	"1"	"1"	"1"	"0"	"0"	"1"	"0"	"0"	"1"	"2"	"0"
"GTAGGAGGTAACCCGC"	"0"	"0"	"0"	"2"	"1"	"2"	"2"	"2"	"2"	"1"	"1"
"GTAGGTTGTCCAGTTA"	"1"	"1"	"1"	"0"	"2"	"3"	"3"	"3"	"3"	"4"	"2"
"GTAGTACAGAGCGACT"	"0"	"0"	"0"	"2"	"1"	"2"	"2"	"4"	"5"	"5"	"1"
"GTATTGGTCTCGCCTA"	"1"	"1"	"1"	"0"	"0"	"1"	"0"	"0"	"1"	"3"	"0"
"GTATTTCCATAGGCGA"	"0"	"0"	"0"	"2"	"1"	"2"	"2"	"2"	"2"	"1"	"1"
"GTCAAACTCTGTGCGG"	"1"	"1"	"1"	"0"	"0"	"1"	"0"	"0"	"1"	"3"	"0"
"GTCACGGTCACCGCTT"	"1"	"1"	"1"	"0"	"2"	"3"	"3"	"3"	"3"	"4"	"2"
"GTCACTCCACTTGACA"	"1"	"1"	"1"	"0"	"2"	"1"	"0"	"0"	"1"	"3"	"2"
"GTCATCCAGTCACAGG"	"1"	"1"	"1"	"0"	"0"	"1"	"0"	"0"	"1"	"2"	"0"
"GTCATGAAGACATCAA"	"0"	"0"	"0"	"2"	"1"	"2"	"2"	"2"	"2"	"1"	"1"
"GTCATTTGTACAACGG"	"1"	"1"	"1"	"0"	"0"	"1"	"0"	"0"	"4"	"3"	"0"
"GTCCCATTCTTCCAGC"	"1"	"1"	"1"	"0"	"2"	"3"	"3"	"3"	"3"	"4"	"2"
"GTCCTCATCGAGAATA"	"0"	"0"	"0"	"2"	"1"	"2"	"2"	"2"	"2"	"1"	"1"
"GTCGTAAAGGAACGTC"	"1"	"1"	"1"	"0"	"0"	"1"	"0"	"0"	"1"	"2"	"0"
"GTCGTAAAGGATTCCT"	"1"	"1"	"1"	"0"	"0"	"1"	"0"	"0"	"1"	"2"	"0"
"GTCTAGACAGACAAGC"	"1"	"1"	"1"	"0"	"0"	"1"	"0"	"0"	"1"	"3"	"0"
"GTCTTTAAGCACGATG"	"0"	"0"	"0"	"2"	"1"	"2"	"2"	"2"	"2"	"1"	"1"
"GTCTTTATCCAATGCA"	"1"	"1"	"1"	"0"	"0"	"1"	"0"	"0"	"1"	"3"	"0"
"GTGAGGAAGATCCAAA"	"1"	"1"	"1"	"0"	"0"	"1"	"0"	"0"	"1"	"2"	"0"
"GTGAGTTCACCTAAAC"	"1"	"1"	"1"	"0"	"0"	"1"	"0"	"0"	"1"	"2"	"0"
"GTGATGTGTTGATCGT"	"0"	"0"	"0"	"2"	"1"	"2"	"2"	"4"	"5"	"5"	"1"
"GTGCAGCCAGTTAGAA"	"1"	"1"	"1"	"0"	"2"	"3"	"3"	"3"	"3"	"4"	"2"
"GTGTTAGAGTCAGAGC"	"1"	"1"	"1"	"0"	"0"	"1"	"0"	"0"	"1"	"2"	"0"
"GTGTTAGCACGCTGCA"	"0"	"0"	"0"	"2"	"1"	"2"	"2"	"2"	"2"	"1"	"1"
"GTTAGACCAGCACGAA"	"0"	"0"	"0"	"2"	"1"	"2"	"2"	"2"	"2"	"1"	"1"
"GTTATGGCAATTAGGA"	"0"	"0"	"0"	"2"	"1"	"2"	"2"	"2"	"2"	"1"	"1"
"GTTCATTTCCAGCACG"	"0"	"0"	"1"	"2"	"1"	"2"	"0"	"2"	"2"	"1"	"1"
"GTTGAACTCTGAATCG"	"1"	"1"	"1"	"0"	"0"	"1"	"0"	"0"	"1"	"2"	"0"
"GTTGCGGGTCATATGC"	"1"	"1"	"1"	"0"	"0"	"1"	"0"	"0"	"1"	"2"	"0"
"TAACCAGAGACAAGCC"	"1"	"1"	"1"	"0"	"0"	"1"	"0"	"0"	"1"	"3"	"0"
"TAAGCCACATATCGGT"	"1"	"1"	"1"	"0"	"2"	"1"	"3"	"3"	"3"	"3"	"2"
"TAAGTCGTCCATGAGT"	"1"	"1"	"1"	"0"	"2"	"3"	"3"	"3"	"3"	"4"	"2"
"TACAACGTCAGAGCAG"	"1"	"1"	"1"	"0"	"0"	"1"	"0"	"0"	"1"	"2"	"0"
"TACAGGTAGCAGGGAG"	"1"	"1"	"1"	"0"	"0"	"1"	"0"	"0"	"1"	"3"	"0"
"TACAGGTAGTATCCTG"	"1"	"1"	"1"	"0"	"0"	"1"	"0"	"0"	"1"	"3"	"0"
"TACAGGTCACTACAGT"	"0"	"0"	"0"	"2"	"1"	"2"	"2"	"2"	"2"	"1"	"1"
"TACATTCCAGTCTCTC"	"0"	"1"	"1"	"2"	"1"	"2"	"2"	"2"	"2"	"1"	"1"
"TACATTCGTCCGGATC"	"1"	"1"	"1"	"0"	"0"	"1"	"0"	"0"	"1"	"3"	"0"
"TACCCACAGGATTTAG"	"1"	"1"	"1"	"2"	"1"	"2"	"2"	"2"	"2"	"1"	"1"
"TACCCGTAGATACAGT"	"1"	"1"	"1"	"0"	"0"	"1"	"0"	"0"	"1"	"3"	"0"
"TACCGGGCAATGAACA"	"1"	"1"	"1"	"0"	"0"	"1"	"0"	"0"	"1"	"3"	"0"
"TACTTGTCAACCTATG"	"1"	"1"	"1"	"0"	"0"	"1"	"0"	"0"	"4"	"3"	"0"
"TAGACCACATTCCTAT"	"1"	"1"	"1"	"0"	"0"	"1"	"0"	"0"	"1"	"2"	"0"
"TAGACCATCCTTCTTC"	"0"	"0"	"0"	"2"	"1"	"2"	"2"	"2"	"2"	"1"	"1"
"TAGACTGCAAGCTGCC"	"1"	"1"	"1"	"0"	"2"	"3"	"3"	"3"	"3"	"4"	"2"
"TAGCACAGTAGCACAG"	"0"	"0"	"0"	"2"	"1"	"2"	"2"	"2"	"2"	"1"	"1"
"TAGGTTGGTTGCTGAT"	"1"	"1"	"1"	"0"	"0"	"1"	"0"	"0"	"1"	"3"	"0"
"TAGTGCACACAATCTG"	"1"	"1"	"1"	"0"	"0"	"1"	"0"	"0"	"1"	"3"	"0"
"TAGTGCATCCACGAAT"	"0"	"0"	"0"	"2"	"1"	"2"	"2"	"2"	"2"	"1"	"1"
"TATACCTAGACCAAAT"	"1"	"1"	"1"	"0"	"0"	"1"	"0"	"0"	"4"	"3"	"0"
"TATACCTAGTTTCGAC"	"1"	"1"	"1"	"0"	"0"	"1"	"0"	"0"	"1"	"2"	"0"
"TATCCTAAGTGAACAT"	"1"	"1"	"1"	"0"	"0"	"1"	"0"	"0"	"1"	"2"	"0"
"TATTCCAAGTGGATAT"	"1"	"1"	"1"	"0"	"0"	"1"	"0"	"0"	"1"	"2"	"0"
"TATTGCTTCATGGATC"	"0"	"0"	"0"	"2"	"1"	"2"	"2"	"2"	"2"	"1"	"1"
"TATTTCGTCCCTTGGT"	"1"	"1"	"1"	"0"	"0"	"1"	"0"	"0"	"1"	"2"	"0"
"TCAAGACAGAGTTCGG"	"1"	"1"	"1"	"2"	"1"	"2"	"2"	"2"	"2"	"1"	"1"
"TCAAGACTCCACACCT"	"0"	"0"	"0"	"2"	"1"	"2"	"2"	"2"	"2"	"1"	"1"
"TCAAGTGCACCTGCGA"	"1"	"1"	"1"	"0"	"0"	"1"	"0"	"0"	"4"	"3"	"0"
"TCAATTCGTGCCCAGT"	"0"	"0"	"0"	"2"	"1"	"2"	"2"	"2"	"2"	"1"	"1"
"TCACAAGAGAAGATCT"	"1"	"1"	"1"	"2"	"3"	"4"	"4"	"5"	"6"	"6"	"3"
"TCACGCTCACCGGTCA"	"1"	"1"	"1"	"0"	"0"	"1"	"0"	"0"	"1"	"2"	"0"
"TCACTATTCAGCTTGA"	"1"	"1"	"1"	"0"	"0"	"1"	"0"	"0"	"1"	"3"	"0"
"TCACTCGGTGGCTTAT"	"0"	"0"	"0"	"2"	"1"	"2"	"2"	"4"	"5"	"5"	"1"
"TCAGCAATCGTTGTAG"	"1"	"1"	"1"	"2"	"3"	"4"	"4"	"5"	"6"	"6"	"3"
"TCAGTTTTCATACAGC"	"1"	"1"	"1"	"0"	"0"	"1"	"0"	"0"	"1"	"2"	"0"
"TCATGAGCAACGACAG"	"1"	"1"	"1"	"0"	"0"	"1"	"0"	"0"	"1"	"2"	"0"
"TCATGAGCATACACCA"	"1"	"1"	"1"	"0"	"0"	"1"	"0"	"0"	"1"	"3"	"0"
"TCATGAGGTATTGAGA"	"1"	"1"	"1"	"0"	"0"	"1"	"0"	"0"	"1"	"2"	"0"
"TCATGCCAGGTAAGAG"	"1"	"1"	"1"	"0"	"2"	"3"	"3"	"3"	"3"	"4"	"2"
"TCATGGACAAGGCAAC"	"1"	"1"	"1"	"2"	"3"	"4"	"4"	"5"	"6"	"6"	"3"
"TCATGTTGTGTTCCTC"	"1"	"1"	"1"	"0"	"2"	"3"	"3"	"3"	"3"	"4"	"2"
"TCATTACCAAGGCAAC"	"1"	"1"	"1"	"2"	"3"	"4"	"4"	"5"	"6"	"6"	"3"
"TCATTCAGTACCACGC"	"0"	"0"	"0"	"2"	"1"	"2"	"2"	"2"	"2"	"1"	"1"
"TCATTTGCATTCAGGT"	"1"	"1"	"1"	"0"	"0"	"1"	"0"	"0"	"1"	"2"	"0"
"TCCATGCAGTTGGACG"	"0"	"0"	"0"	"2"	"1"	"2"	"2"	"2"	"2"	"1"	"1"
"TCCATGCGTTTGATCG"	"0"	"0"	"0"	"2"	"1"	"2"	"2"	"2"	"2"	"1"	"1"
"TCCGATCGTTGCTCCT"	"1"	"1"	"1"	"0"	"0"	"1"	"0"	"0"	"4"	"3"	"0"
"TCCTCCCAGCTGACCC"	"0"	"0"	"0"	"2"	"1"	"2"	"2"	"2"	"2"	"1"	"1"
"TCCTCGAAGCACTCAT"	"1"	"1"	"1"	"0"	"0"	"1"	"0"	"0"	"4"	"3"	"0"
"TCCTGCATCTGCCTCA"	"1"	"1"	"1"	"0"	"0"	"1"	"0"	"0"	"1"	"2"	"0"
"TCGAACACAGAGTCAG"	"0"	"0"	"0"	"2"	"1"	"2"	"2"	"2"	"2"	"1"	"1"
"TCGACGGGTTAGGGAC"	"1"	"1"	"1"	"0"	"0"	"1"	"0"	"0"	"1"	"3"	"0"
"TCGCACTTCAGACAAA"	"0"	"0"	"0"	"2"	"1"	"2"	"2"	"2"	"2"	"5"	"1"
"TCGCTCAAGGCTCACC"	"1"	"1"	"1"	"0"	"2"	"3"	"3"	"3"	"3"	"4"	"2"
"TCGCTTGTCTAAGGAA"	"0"	"0"	"0"	"2"	"1"	"2"	"2"	"2"	"2"	"1"	"1"
"TCGGATAAGCTCCGAC"	"1"	"1"	"1"	"0"	"2"	"3"	"3"	"3"	"3"	"4"	"2"
"TCGGGACGTGCCTACG"	"1"	"1"	"1"	"0"	"0"	"1"	"0"	"0"	"1"	"2"	"0"
"TCGGGTGTCCCAATAG"	"1"	"1"	"1"	"0"	"0"	"1"	"0"	"0"	"1"	"2"	"0"
"TCTAACTCAGCCGGTT"	"0"	"0"	"0"	"1"	"1"	"2"	"2"	"2"	"2"	"1"	"1"
"TCTACATAGAAACCAT"	"1"	"1"	"1"	"0"	"0"	"1"	"0"	"0"	"1"	"2"	"0"
"TCTACCGAGGGCCAAT"	"1"	"1"	"1"	"0"	"0"	"1"	"0"	"0"	"4"	"3"	"0"
"TCTACCGTCACCGGTG"	"0"	"0"	"0"	"2"	"1"	"2"	"2"	"2"	"2"	"1"	"1"
"TCTATACAGTACCATC"	"1"	"1"	"1"	"0"	"0"	"1"	"0"	"0"	"1"	"3"	"0"
"TCTCTGGTCAAGTGTC"	"0"	"0"	"0"	"2"	"1"	"2"	"2"	"2"	"2"	"1"	"1"
"TCTGCCACAACGATCT"	"0"	"0"	"0"	"2"	"1"	"2"	"2"	"2"	"2"	"1"	"1"
"TCTGCCATCGTTCATT"	"1"	"1"	"1"	"0"	"0"	"1"	"0"	"0"	"1"	"2"	"0"
"TCTGTCGGTACTGTTG"	"1"	"1"	"1"	"0"	"0"	"1"	"0"	"0"	"4"	"3"	"0"
"TCTTCCTGTGTGATGG"	"1"	"1"	"1"	"0"	"0"	"1"	"0"	"0"	"1"	"2"	"0"
"TCTTGCGAGGTACAGC"	"0"	"0"	"0"	"2"	"1"	"2"	"2"	"2"	"2"	"1"	"1"
"TCTTTGATCCAAGCTA"	"1"	"1"	"1"	"0"	"0"	"1"	"0"	"0"	"1"	"3"	"0"
"TGAATCGCAGATAAAC"	"1"	"1"	"1"	"0"	"0"	"1"	"0"	"0"	"1"	"2"	"0"
"TGACGCGTCTTCGATT"	"1"	"1"	"1"	"0"	"0"	"1"	"0"	"0"	"1"	"3"	"0"
"TGACTCCGTTCGAGCC"	"1"	"1"	"1"	"0"	"0"	"1"	"0"	"0"	"1"	"2"	"0"
"TGAGACTTCAACCTCC"	"1"	"1"	"1"	"0"	"0"	"1"	"0"	"0"	"1"	"2"	"0"
"TGAGCATCAATCGCGC"	"0"	"0"	"0"	"2"	"1"	"2"	"2"	"2"	"2"	"1"	"1"
"TGAGCGCCAGAGGTAC"	"1"	"1"	"1"	"0"	"0"	"1"	"0"	"0"	"1"	"2"	"0"
"TGAGCGCTCGTTCCTG"	"1"	"1"	"1"	"0"	"2"	"3"	"3"	"3"	"3"	"4"	"2"
"TGAGGAGAGGACTAAT"	"1"	"1"	"1"	"0"	"0"	"1"	"0"	"0"	"1"	"2"	"0"
"TGAGGGAGTGGAAGTC"	"1"	"1"	"1"	"2"	"1"	"4"	"4"	"5"	"6"	"6"	"1"
"TGAGGTTGTGCAATAA"	"1"	"1"	"1"	"0"	"0"	"1"	"0"	"0"	"1"	"2"	"0"
"TGATTCTGTGAGGCAT"	"0"	"0"	"0"	"2"	"1"	"2"	"2"	"4"	"5"	"5"	"1"
"TGATTTCCAAACGGCA"	"1"	"1"	"1"	"0"	"0"	"1"	"0"	"0"	"1"	"2"	"0"
"TGCCGAGTCTCCAATT"	"1"	"1"	"1"	"0"	"0"	"1"	"0"	"0"	"4"	"3"	"0"
"TGGAACTTCAGACTGT"	"1"	"1"	"1"	"0"	"2"	"3"	"3"	"3"	"3"	"4"	"2"
"TGGGAGAGTCGGTAAG"	"0"	"0"	"0"	"2"	"1"	"2"	"2"	"4"	"5"	"5"	"1"
"TGGGAGATCGCGATCG"	"1"	"1"	"1"	"2"	"1"	"2"	"2"	"2"	"2"	"1"	"1"
"TGGGCGTCAAACGTGG"	"1"	"1"	"1"	"2"	"0"	"2"	"2"	"2"	"2"	"1"	"0"
"TGGGCTGCAGCACCCA"	"0"	"0"	"0"	"2"	"1"	"2"	"2"	"2"	"2"	"1"	"1"
"TGGGCTGGTACCTGTA"	"1"	"1"	"1"	"0"	"2"	"3"	"3"	"3"	"3"	"4"	"2"
"TGGGCTGGTTCCCACT"	"0"	"0"	"0"	"2"	"1"	"2"	"2"	"2"	"2"	"1"	"1"
"TGGGCTGTCATTCACT"	"1"	"1"	"1"	"0"	"0"	"1"	"0"	"0"	"1"	"2"	"0"
"TGGTGATGTCACGACC"	"1"	"1"	"1"	"0"	"2"	"3"	"3"	"3"	"3"	"4"	"2"
"TGTAAGCTCAGCAGAG"	"1"	"1"	"1"	"0"	"0"	"1"	"0"	"0"	"1"	"2"	"0"
"TGTCCTGCAGCGTTGC"	"0"	"0"	"0"	"2"	"1"	"2"	"2"	"2"	"2"	"1"	"1"
"TGTGCGGCAAGGACAC"	"1"	"1"	"1"	"0"	"0"	"1"	"0"	"0"	"1"	"2"	"0"
"TGTGGCGGTCTAGGCC"	"0"	"0"	"0"	"2"	"1"	"2"	"2"	"2"	"2"	"1"	"1"
"TGTGGCGTCCGTTGAA"	"1"	"1"	"1"	"0"	"0"	"1"	"0"	"0"	"1"	"3"	"0"
"TGTTACTTCTCACCCA"	"1"	"1"	"1"	"0"	"0"	"1"	"0"	"0"	"1"	"2"	"0"
"TGTTCCGCACATGGTT"	"0"	"0"	"0"	"2"	"1"	"2"	"2"	"2"	"2"	"1"	"1"
"TTAATCCGTCGGTACC"	"0"	"0"	"0"	"2"	"1"	"2"	"2"	"2"	"2"	"1"	"1"
"TTACAGGTCCTATTTG"	"0"	"0"	"0"	"2"	"0"	"2"	"2"	"2"	"2"	"3"	"0"
"TTACCATCAAGACCTT"	"1"	"1"	"1"	"0"	"0"	"1"	"0"	"0"	"1"	"2"	"0"
"TTACCATCAGTCTCTC"	"0"	"0"	"0"	"2"	"1"	"2"	"2"	"2"	"2"	"1"	"1"
"TTACCATTCCAACTGA"	"1"	"1"	"1"	"0"	"0"	"1"	"0"	"0"	"1"	"2"	"0"
"TTACCGCCAGCCATTA"	"0"	"0"	"0"	"2"	"1"	"2"	"2"	"2"	"2"	"1"	"1"
"TTACGCCTCAACCTTT"	"0"	"0"	"0"	"2"	"1"	"2"	"2"	"2"	"2"	"1"	"1"
"TTACGCCTCAGGAAAT"	"0"	"0"	"0"	"2"	"1"	"2"	"2"	"2"	"2"	"1"	"1"
"TTACGTTGTCAAAGAT"	"0"	"0"	"0"	"2"	"1"	"2"	"2"	"2"	"2"	"1"	"1"
"TTACTGTAGCGAAACC"	"1"	"1"	"1"	"0"	"0"	"1"	"0"	"0"	"4"	"3"	"0"
"TTACTGTTCCGGCAGT"	"0"	"0"	"0"	"2"	"1"	"2"	"2"	"2"	"2"	"1"	"1"
"TTCACGCGTGGTCTGC"	"1"	"1"	"1"	"0"	"0"	"1"	"0"	"0"	"1"	"2"	"0"
"TTCACGCTCTTCCTAA"	"1"	"1"	"1"	"0"	"0"	"1"	"0"	"0"	"4"	"3"	"0"
"TTCAGGAGTAACATAG"	"0"	"0"	"0"	"2"	"1"	"2"	"2"	"2"	"2"	"1"	"1"
"TTCATGTCAAGTGATA"	"1"	"1"	"1"	"0"	"0"	"1"	"0"	"0"	"4"	"3"	"0"
"TTCATTGCATTCTGTT"	"0"	"0"	"0"	"2"	"1"	"2"	"2"	"2"	"2"	"1"	"1"
"TTCATTGGTGTTGACT"	"1"	"1"	"1"	"0"	"0"	"1"	"0"	"0"	"1"	"2"	"0"
"TTCCGGTAGCATCCTA"	"1"	"1"	"1"	"0"	"2"	"3"	"3"	"3"	"3"	"4"	"2"
"TTCCGTGCAGGAGGTT"	"1"	"1"	"1"	"0"	"0"	"1"	"0"	"0"	"1"	"2"	"0"
"TTCCTTCTCAACCGAT"	"0"	"0"	"0"	"2"	"1"	"2"	"2"	"2"	"2"	"1"	"1"
"TTCGGTCCAGCCTATA"	"1"	"1"	"1"	"0"	"2"	"3"	"3"	"3"	"3"	"4"	"2"
"TTCTCTCAGCGCACAA"	"0"	"0"	"0"	"2"	"1"	"2"	"2"	"2"	"2"	"1"	"1"
"TTCTTCCGTTCCCAAA"	"1"	"1"	"1"	"0"	"0"	"1"	"0"	"0"	"4"	"3"	"0"
"TTGAACGCACTTCAGA"	"0"	"0"	"0"	"2"	"1"	"2"	"2"	"2"	"2"	"1"	"1"
"TTGATGGAGGCCCGTT"	"1"	"1"	"1"	"0"	"0"	"1"	"0"	"0"	"1"	"3"	"0"
"TTGCTGCAGCCGTCGT"	"0"	"0"	"0"	"2"	"1"	"2"	"2"	"2"	"2"	"1"	"1"
"TTGGATGCAAGCACAG"	"1"	"1"	"1"	"0"	"0"	"1"	"0"	"0"	"1"	"2"	"0"
"TTGGTTTGTACGACTT"	"1"	"1"	"1"	"0"	"2"	"3"	"3"	"3"	"3"	"4"	"2"
"TTGTTCAGTTTGGGTT"	"0"	"0"	"0"	"2"	"1"	"2"	"2"	"2"	"2"	"1"	"1"
"TTGTTGTAGTTCAACC"	"0"	"0"	"0"	"2"	"1"	"2"	"2"	"2"	"2"	"1"	"1"
"TTTACCACACGCTGTG"	"1"	"1"	"1"	"0"	"0"	"1"	"0"	"0"	"1"	"3"	"0"
"TTTACTGCAGGATGAC"	"1"	"1"	"1"	"0"	"0"	"1"	"0"	"0"	"4"	"3"	"0"
"TTTGGAGGTTGTTGTG"	"0"	"0"	"0"	"2"	"1"	"2"	"2"	"2"	"2"	"1"	"1"
"TTTGGTTGTTCCTAAG"	"0"	"0"	"0"	"2"	"1"	"2"	"2"	"2"	"2"	"1"	"1"
