"","Ident","seurat_clusters"
"AAACCTGCACCAGGCT","TPC_1","0"
"AAACCTGCAGCATGAG","TPC_1","0"
"AAACCTGCAGCTGGCT","TPC_3","4"
"AAACCTGGTAAATACG","DCT_2","3"
"AAACCTGGTAGAAAGG","DCT_1","2"
"AAACGGGAGCAGACTG","DCT_2","3"
"AAACGGGCATGAACCT","Prolif.TPC","5"
"AAACGGGGTCATGCAT","TPC_1","0"
"AAACGGGGTCGGATCC","DCT_1","2"
"AAACGGGTCATCGCTC","TPC_1","0"
"AAACGGGTCGGTCCGA","TPC_3","4"
"AAACGGGTCTCAAACG","DCT_1","2"
"AAAGATGGTGCTAGCC","TPC_1","0"
"AAAGATGTCTGGAGCC","DCT_1","2"
"AAAGCAAAGGGTGTTG","TPC_2","1"
"AAAGCAACAGTCGTGC","DCT_1","2"
"AAAGCAACATTTGCTT","TPC_2","1"
"AAAGCAAGTTGACGTT","TPC_1","0"
"AAAGTAGAGAAGGTTT","DCT_1","2"
"AAAGTAGCAGACGTAG","DCT_2","3"
"AAAGTAGCATTTGCCC","DCT_2","3"
"AAAGTAGTCATCACCC","TPC_2","1"
"AAATGCCCACCCTATC","TPC_2","1"
"AAATGCCCAGGGTTAG","TPC_2","1"
"AAATGCCCATGTCGAT","TPC_3","4"
"AAATGCCGTGCGATAG","DCT_1","2"
"AAATGCCTCCGTAGTA","PEC-like_2","7"
"AACACGTCAGACGCCT","DCT_1","2"
"AACACGTGTGTCTGAT","Prolif.TPC","5"
"AACACGTTCCTATGTT","DCT_1","2"
"AACACGTTCCTTCAAT","Prolif.TPC","5"
"AACACGTTCTGTCTCG","DCT_2","3"
"AACCATGAGGAGTTGC","TPC_2","1"
"AACCATGCAGGTGCCT","DCT_1","2"
"AACCATGCATTTCACT","TPC_3","4"
"AACCATGGTATGAAAC","Prolif.TPC","5"
"AACCATGGTCGGCTCA","DCT_1","2"
"AACCATGTCGGAATCT","Prolif.TPC","5"
"AACCGCGAGGAGTACC","DCT_2","3"
"AACCGCGCAAGCCTAT","TPC_1","0"
"AACCGCGTCTGCCAGG","PEC-like_1","6"
"AACGTTGAGTTGTCGT","TPC_3","4"
"AACGTTGCACGGCTAC","TPC_1","0"
"AACGTTGCAGTACACT","Prolif.TPC","5"
"AACGTTGCATTGGGCC","TPC_1","0"
"AACTCAGAGAATCTCC","Prolif.TPC","5"
"AACTCAGAGATAGCAT","PEC-like_1","6"
"AACTCAGAGGCTAGGT","PEC-like_1","6"
"AACTCAGGTCTAGCGC","PEC-like_1","6"
"AACTCAGTCCAGAGGA","TPC_1","0"
"AACTCAGTCCGAATGT","TPC_3","4"
"AACTCCCAGGGCTCTC","TPC_1","0"
"AACTCCCCATTAGGCT","DCT_2","3"
"AACTCCCGTGCCTTGG","TPC_1","0"
"AACTCCCTCAGCTCTC","TPC_3","4"
"AACTCCCTCGAACGGA","DCT_2","3"
"AACTCCCTCGAGCCCA","TPC_1","0"
"AACTCTTAGTCGTTTG","TPC_2","1"
"AACTCTTAGTGGTAAT","DCT_2","3"
"AACTCTTAGTGTTGAA","Prolif.TPC","5"
"AACTCTTCAGCTGTTA","DCT_1","2"
"AACTCTTGTATGAAAC","DCT_2","3"
"AACTCTTGTTGATTCG","DCT_2","3"
"AACTCTTTCTTGTTTG","Prolif.TPC","5"
"AACTGGTAGACGCACA","PEC-like_2","7"
"AACTGGTAGTGAAGAG","DCT_2","3"
"AACTGGTAGTTGAGAT","DCT_2","3"
"AACTGGTCACGGCCAT","PEC-like_2","7"
"AACTGGTCATTGGTAC","DCT_1","2"
"AACTTTCAGAGCAATT","PEC-like_2","7"
"AACTTTCCACGTAAGG","DCT_2","3"
"AACTTTCCACTGTCGG","Prolif.TPC","5"
"AACTTTCCATCACAAC","TPC_1","0"
"AACTTTCCATCGGGTC","TPC_1","0"
"AAGACCTCAAGGGTCA","TPC_2","1"
"AAGCCGCAGACAGACC","TPC_1","0"
"AAGCCGCAGAGAGCTC","TPC_3","4"
"AAGCCGCCAATCTGCA","DCT_1","2"
"AAGCCGCGTCTCACCT","DCT_1","2"
"AAGCCGCTCGAGCCCA","TPC_1","0"
"AAGGAGCAGGGAAACA","Prolif.TPC","5"
"AAGGAGCCATACTCTT","DCT_1","2"
"AAGGCAGAGACGCTTT","TPC_1","0"
"AAGGCAGAGCATCATC","DCT_2","3"
"AAGGCAGCAAGCGATG","TPC_1","0"
"AAGGCAGGTCAACTGT","TPC_3","4"
"AAGGCAGGTCTTCGTC","TPC_1","0"
"AAGGCAGGTGGACGAT","TPC_1","0"
"AAGGCAGTCCTTCAAT","TPC_2","1"
"AAGGCAGTCGCGGATC","TPC_1","0"
"AAGGTTCAGAGCTTCT","TPC_2","1"
"AAGGTTCAGGCGACAT","DCT_2","3"
"AAGGTTCCAATGGATA","TPC_2","1"
"AAGGTTCCATTATCTC","TPC_3","4"
"AAGTCTGCAAGGACAC","PEC-like_2","7"
"AAGTCTGCAATGCCAT","DCT_1","2"
"AAGTCTGCAGGCGATA","DCT_1","2"
"AAGTCTGCATCGACGC","TPC_2","1"
"AAGTCTGGTACCGCTG","TPC_2","1"
"AAGTCTGGTCGTTGTA","TPC_3","4"
"AAGTCTGGTTTGACTG","DCT_1","2"
"AAGTCTGTCGAATCCA","TPC_1","0"
"AATCCAGCACATCCGG","TPC_1","0"
"AATCCAGCACATGTGT","TPC_1","0"
"AATCCAGCAGTAAGCG","TPC_1","0"
"AATCGGTAGGGCATGT","Prolif.TPC","5"
"AATCGGTCAGCGTCCA","DCT_2","3"
"AATCGGTGTAGGGTAC","TPC_2","1"
"AATCGGTGTGAGGCTA","TPC_1","0"
"AATCGGTGTTCTGGTA","DCT_1","2"
"AATCGGTTCACCGGGT","TPC_3","4"
"ACACCAAAGGCTATCT","DCT_1","2"
"ACACCAAAGTTGAGAT","DCT_2","3"
"ACACCAACAGGTCTCG","DCT_2","3"
"ACACCAAGTCACTTCC","DCT_2","3"
"ACACCAAGTCTCTTTA","TPC_1","0"
"ACACCAATCTGGCGTG","TPC_1","0"
"ACACCAATCTTGTTTG","TPC_3","4"
"ACACCCTAGAGAACAG","TPC_2","1"
"ACACCCTAGAGGGATA","TPC_1","0"
"ACACCCTAGGTAGCTG","DCT_2","3"
"ACACCCTCAAGTAATG","TPC_1","0"
"ACACCCTCAGAGTGTG","TPC_3","4"
"ACACCCTCAGCCTTGG","TPC_2","1"
"ACACCCTGTAGTACCT","DCT_1","2"
"ACACCCTTCACTTACT","DCT_1","2"
"ACACCCTTCGAGAGCA","PEC-like_1","6"
"ACACCCTTCGCCAAAT","DCT_2","3"
"ACACCCTTCGCTTGTC","TPC_1","0"
"ACACCGGAGCTTATCG","DCT_1","2"
"ACACCGGAGTATCGAA","PEC-like_1","6"
"ACACCGGAGTTCGCGC","DCT_1","2"
"ACAGCCGAGCTAGTCT","TPC_2","1"
"ACAGCCGCATATGCTG","Prolif.TPC","5"
"ACAGCCGGTACTTAGC","Prolif.TPC","5"
"ACAGCCGTCACCACCT","Prolif.TPC","5"
"ACAGCCGTCTCGTTTA","TPC_2","1"
"ACAGCTAAGCGTGAAC","PEC-like_1","6"
"ACAGCTAGTGATAAAC","DCT_2","3"
"ACAGCTAGTTCCACGG","Prolif.TPC","5"
"ACAGCTATCTGGTTCC","DCT_2","3"
"ACATACGCAGCCTTGG","DCT_1","2"
"ACATACGGTCAGATAA","TPC_2","1"
"ACATACGGTGCAACGA","TPC_2","1"
"ACATACGTCTCGCTTG","TPC_1","0"
"ACATCAGAGACACTAA","TPC_1","0"
"ACATCAGTCAACGGCC","TPC_2","1"
"ACATGGTAGACCCACC","TPC_1","0"
"ACATGGTAGAGTAAGG","TPC_1","0"
"ACATGGTAGGAATCGC","TPC_1","0"
"ACATGGTGTAGCGTGA","DCT_2","3"
"ACATGGTGTGTATGGG","TPC_3","4"
"ACCAGTACAGACACTT","DCT_1","2"
"ACCAGTAGTTATTCTC","TPC_2","1"
"ACCCACTAGTGTCTCA","TPC_3","4"
"ACCCACTCAATCCAAC","DCT_1","2"
"ACCCACTTCCACTCCA","TPC_1","0"
"ACCCACTTCCTGTAGA","TPC_2","1"
"ACCCACTTCTTGACGA","TPC_2","1"
"ACCGTAATCGTTGACA","DCT_2","3"
"ACCTTTACAAGCTGGA","TPC_2","1"
"ACCTTTACAGTAAGCG","DCT_2","3"
"ACCTTTACATCAGTAC","Prolif.TPC","5"
"ACCTTTAGTCTTGTCC","PEC-like_2","7"
"ACCTTTATCAAACAAG","TPC_3","4"
"ACCTTTATCAACACTG","TPC_3","4"
"ACGAGCCAGCACCGTC","TPC_1","0"
"ACGAGCCAGCCGATTT","TPC_1","0"
"ACGAGCCCAGGGAGAG","DCT_2","3"
"ACGAGCCGTGAGGGAG","TPC_2","1"
"ACGAGCCTCAAGAAGT","DCT_1","2"
"ACGAGGAAGCATGGCA","TPC_2","1"
"ACGAGGAAGCCAGAAC","DCT_2","3"
"ACGAGGAAGGTAAACT","TPC_2","1"
"ACGAGGATCAAGATCC","DCT_1","2"
"ACGAGGATCACTTATC","TPC_1","0"
"ACGAGGATCTGATTCT","TPC_1","0"
"ACGATACAGCAGATCG","TPC_1","0"
"ACGATACGTACAGACG","Prolif.TPC","5"
"ACGATACTCGTAGATC","DCT_1","2"
"ACGATACTCTCTTATG","TPC_1","0"
"ACGATGTAGGCGCTCT","TPC_2","1"
"ACGATGTAGGTGCAAC","TPC_1","0"
"ACGATGTCACCAGGTC","DCT_1","2"
"ACGATGTCACGACTCG","DCT_1","2"
"ACGATGTCATCCGTGG","TPC_3","4"
"ACGCAGCAGAGTGAGA","PEC-like_1","6"
"ACGCAGCCAGCCTTTC","PEC-like_1","6"
"ACGCAGCCATCTCCCA","TPC_1","0"
"ACGCAGCTCCCAACGG","TPC_1","0"
"ACGCAGCTCGACCAGC","TPC_3","4"
"ACGCCAGGTCCCTTGT","PEC-like_2","7"
"ACGCCGAAGATCTGCT","Prolif.TPC","5"
"ACGCCGAAGCTCAACT","TPC_2","1"
"ACGCCGAAGGATGGTC","DCT_2","3"
"ACGCCGAAGGCGCTCT","TPC_2","1"
"ACGCCGACAGGTCCAC","DCT_2","3"
"ACGGAGAAGCGATATA","TPC_2","1"
"ACGGAGAGTCCGAACC","DCT_1","2"
"ACGGAGATCTTCGAGA","TPC_3","4"
"ACGGCCAAGTACGACG","TPC_1","0"
"ACGGCCACAGACACTT","TPC_2","1"
"ACGGCCACATAGAAAC","TPC_3","4"
"ACGGCCAGTAAGTTCC","Prolif.TPC","5"
"ACGGCCAGTAATCGTC","DCT_2","3"
"ACGGCCATCCACGAAT","DCT_2","3"
"ACGGGCTCAAAGTCAA","TPC_1","0"
"ACGGGCTCACCCAGTG","DCT_1","2"
"ACGGGCTGTCACCTAA","TPC_3","4"
"ACGGGCTTCATATCGG","TPC_2","1"
"ACGGGTCAGGGAAACA","DCT_1","2"
"ACGGGTCGTACCCAAT","TPC_2","1"
"ACGTCAAAGCTGCGAA","Prolif.TPC","5"
"ACGTCAACATGGATGG","TPC_1","0"
"ACGTCAAGTAGCTAAA","TPC_2","1"
"ACTATCTAGCTAACAA","DCT_2","3"
"ACTATCTGTCGCGGTT","DCT_2","3"
"ACTATCTTCAAGGCTT","DCT_2","3"
"ACTATCTTCCATTCTA","DCT_2","3"
"ACTGAACAGCTATGCT","DCT_1","2"
"ACTGAACAGCTGTTCA","DCT_1","2"
"ACTGAACAGGTGATTA","PEC-like_1","6"
"ACTGAACCACACTGCG","TPC_2","1"
"ACTGAACCACAGTCGC","DCT_1","2"
"ACTGAACCACCTCGGA","TPC_1","0"
"ACTGAACGTACAGACG","TPC_3","4"
"ACTGAACGTACGACCC","DCT_2","3"
"ACTGAACGTCCTGCTT","TPC_1","0"
"ACTGAACTCAGGTAAA","Prolif.TPC","5"
"ACTGAGTGTATATGGA","Prolif.TPC","5"
"ACTGAGTGTTCCACAA","TPC_1","0"
"ACTGAGTGTTCTGTTT","TPC_1","0"
"ACTGAGTTCCGTCAAA","TPC_1","0"
"ACTGAGTTCGTCACGG","TPC_1","0"
"ACTGATGAGCTAGGCA","DCT_1","2"
"ACTGATGCAACACGCC","DCT_2","3"
"ACTGATGGTGTGGCTC","DCT_2","3"
"ACTGATGTCAACGAAA","Prolif.TPC","5"
"ACTGATGTCACAGGCC","PEC-like_1","6"
"ACTGCTCAGTGTCTCA","TPC_3","4"
"ACTGCTCCAATGACCT","TPC_2","1"
"ACTGCTCCATATGGTC","TPC_1","0"
"ACTGCTCGTCATGCAT","TPC_1","0"
"ACTGTCCAGAAACGAG","DCT_1","2"
"ACTGTCCAGCGTTGCC","TPC_3","4"
"ACTGTCCTCGAACGGA","PEC-like_1","6"
"ACTGTCCTCTGCTGCT","TPC_3","4"
"ACTTACTCAGGCGATA","DCT_1","2"
"ACTTACTGTTGCGCAC","TPC_2","1"
"ACTTGTTAGTTCGCGC","DCT_1","2"
"ACTTGTTTCAGTTTGG","TPC_3","4"
"ACTTTCAAGGAGTCTG","PEC-like_1","6"
"ACTTTCACAATGGACG","TPC_1","0"
"ACTTTCACACCGAATT","TPC_1","0"
"ACTTTCACACGGCTAC","TPC_1","0"
"ACTTTCAGTCGCGAAA","TPC_3","4"
"ACTTTCAGTTACGGAG","DCT_1","2"
"ACTTTCATCAGAGACG","DCT_1","2"
"ACTTTCATCAGGTTCA","DCT_2","3"
"AGAATAGAGTCATCCA","DCT_2","3"
"AGAATAGCAAAGAATC","TPC_3","4"
"AGAATAGCAAGACACG","PEC-like_2","7"
"AGAATAGCACCCATGG","DCT_1","2"
"AGAATAGCACGAGAGT","DCT_2","3"
"AGAATAGCATGCCCGA","TPC_2","1"
"AGAATAGTCTTACCTA","DCT_2","3"
"AGACGTTCACATGGGA","TPC_1","0"
"AGACGTTCACTCTGTC","TPC_2","1"
"AGACGTTGTACCGGCT","DCT_1","2"
"AGACGTTTCCCAACGG","PEC-like_1","6"
"AGACGTTTCGATCCCT","TPC_1","0"
"AGACGTTTCTGCGTAA","TPC_1","0"
"AGAGCGAGTATATCCG","DCT_2","3"
"AGAGCGAGTTTAGGAA","DCT_2","3"
"AGAGCTTAGGACACCA","DCT_2","3"
"AGAGCTTGTAAATGAC","TPC_2","1"
"AGAGCTTGTCAATGTC","DCT_2","3"
"AGAGTGGCAATAGCGG","TPC_3","4"
"AGAGTGGGTAGAGGAA","TPC_2","1"
"AGAGTGGGTCAAAGAT","DCT_2","3"
"AGAGTGGGTGCCTTGG","TPC_1","0"
"AGATCTGAGAAGGTGA","PEC-like_1","6"
"AGATCTGGTATCAGTC","DCT_1","2"
"AGATCTGGTTCAGTAC","TPC_2","1"
"AGATCTGGTTGCCTCT","TPC_3","4"
"AGATTGCAGATATACG","TPC_3","4"
"AGATTGCCAGGAACGT","TPC_3","4"
"AGATTGCTCCGCATAA","DCT_1","2"
"AGCAGCCAGCGTAATA","TPC_1","0"
"AGCAGCCAGCTGAAAT","DCT_2","3"
"AGCAGCCAGTGCGATG","TPC_1","0"
"AGCAGCCGTCGGGTCT","Prolif.TPC","5"
"AGCATACAGAGCTTCT","Prolif.TPC","5"
"AGCATACCATTCCTGC","DCT_2","3"
"AGCATACTCAACCATG","TPC_1","0"
"AGCATACTCGTCCGTT","DCT_2","3"
"AGCCTAAAGAAACCTA","DCT_2","3"
"AGCCTAAAGATGTTAG","TPC_1","0"
"AGCCTAACACGGCTAC","Prolif.TPC","5"
"AGCCTAAGTACAAGTA","Prolif.TPC","5"
"AGCCTAAGTACAGTTC","TPC_1","0"
"AGCCTAAGTACCGTAT","TPC_2","1"
"AGCCTAATCAATACCG","DCT_1","2"
"AGCCTAATCGCATGGC","TPC_1","0"
"AGCCTAATCTCACATT","DCT_1","2"
"AGCGGTCCAAGGACTG","PEC-like_2","7"
"AGCGGTCCATATACCG","DCT_1","2"
"AGCGGTCCATCCGTGG","TPC_2","1"
"AGCGGTCCATCTCCCA","TPC_1","0"
"AGCGGTCGTGCGGTAA","DCT_2","3"
"AGCGGTCTCAATCACG","TPC_2","1"
"AGCGGTCTCTCTAAGG","TPC_3","4"
"AGCGTATAGAGACTTA","DCT_2","3"
"AGCGTATAGCTAGTGG","DCT_2","3"
"AGCGTATAGGAGTCTG","Prolif.TPC","5"
"AGCGTATCAGTATAAG","TPC_1","0"
"AGCGTATGTGCACCAC","DCT_2","3"
"AGCGTATGTTGTCTTT","TPC_1","0"
"AGCGTCGAGCCTCGTG","Prolif.TPC","5"
"AGCGTCGAGGTTCCTA","DCT_1","2"
"AGCGTCGAGTACTTGC","TPC_1","0"
"AGCGTCGGTGTGACGA","Prolif.TPC","5"
"AGCTCCTAGAAGCCCA","TPC_2","1"
"AGCTCCTAGACTAAGT","TPC_2","1"
"AGCTCCTGTGTCAATC","TPC_3","4"
"AGCTCCTTCAACGGCC","TPC_1","0"
"AGCTCTCAGCCGCCTA","TPC_1","0"
"AGCTCTCCACGGCGTT","TPC_1","0"
"AGCTCTCGTAGTGAAT","DCT_2","3"
"AGCTTGACAACTGCTA","PEC-like_1","6"
"AGCTTGACATCGGACC","DCT_2","3"
"AGCTTGAGTTCGCGAC","Prolif.TPC","5"
"AGCTTGATCATCGGAT","DCT_2","3"
"AGCTTGATCGGAAACG","DCT_1","2"
"AGCTTGATCTAAGCCA","TPC_1","0"
"AGCTTGATCTATGTGG","TPC_1","0"
"AGGCCACAGTACGTTC","TPC_1","0"
"AGGCCACAGTGAAGAG","TPC_3","4"
"AGGCCACCAGAAGCAC","PEC-like_1","6"
"AGGCCACCAGACACTT","TPC_1","0"
"AGGCCACGTAAAGTCA","TPC_1","0"
"AGGCCACTCTCGTTTA","TPC_1","0"
"AGGCCGTAGAAGATTC","DCT_2","3"
"AGGCCGTAGGTAGCTG","DCT_2","3"
"AGGCCGTGTCCGAGTC","TPC_1","0"
"AGGCCGTGTGTGCGTC","Prolif.TPC","5"
"AGGCCGTGTTCCAACA","DCT_1","2"
"AGGCCGTTCTGTTGAG","TPC_1","0"
"AGGGAGTAGGTGATAT","DCT_1","2"
"AGGGAGTGTAAGTAGT","DCT_2","3"
"AGGGAGTTCACCAGGC","TPC_1","0"
"AGGGAGTTCGATGAGG","TPC_1","0"
"AGGGATGAGTTCGATC","TPC_2","1"
"AGGGATGCACCACCAG","DCT_2","3"
"AGGGATGGTCGCCATG","TPC_2","1"
"AGGGATGGTTGGACCC","TPC_2","1"
"AGGGATGTCCCAACGG","DCT_1","2"
"AGGGTGAAGAGTCGGT","Prolif.TPC","5"
"AGGGTGAAGATGTGGC","TPC_2","1"
"AGGGTGACACGCCAGT","TPC_1","0"
"AGGGTGACAGGGAGAG","TPC_2","1"
"AGGGTGACATAGTAAG","TPC_1","0"
"AGGGTGAGTCGATTGT","Prolif.TPC","5"
"AGGGTGAGTCTGGAGA","Prolif.TPC","5"
"AGGGTGAGTTGGTAAA","TPC_1","0"
"AGGGTGATCGGCGCAT","TPC_2","1"
"AGGTCATAGCCAGTTT","TPC_1","0"
"AGGTCATAGCTATGCT","DCT_2","3"
"AGGTCATCATCATCCC","Prolif.TPC","5"
"AGGTCATTCCACGTGG","TPC_2","1"
"AGGTCCGGTACAGCAG","TPC_2","1"
"AGGTCCGGTGAGCGAT","TPC_3","4"
"AGGTCCGGTGAGTATA","TPC_2","1"
"AGGTCCGGTTCTGGTA","DCT_1","2"
"AGTAGTCAGGGCTCTC","DCT_2","3"
"AGTAGTCGTCTTCAAG","Prolif.TPC","5"
"AGTCTTTCAACTTGAC","TPC_2","1"
"AGTGAGGCAGTGGGAT","DCT_1","2"
"AGTGAGGCATCCGGGT","DCT_2","3"
"AGTGAGGTCAAACGGG","TPC_3","4"
"AGTGAGGTCTTCTGGC","TPC_3","4"
"AGTGGGAAGAGCAATT","TPC_1","0"
"AGTGGGACAAGGTTCT","DCT_2","3"
"AGTGTCAAGCTAGTGG","DCT_1","2"
"AGTGTCAAGGTGATAT","DCT_1","2"
"AGTGTCAAGTACGTTC","PEC-like_1","6"
"AGTGTCAAGTTTCCTT","DCT_2","3"
"AGTGTCACATGACATC","DCT_2","3"
"AGTGTCATCCTATGTT","DCT_1","2"
"AGTTGGTAGAGCTTCT","TPC_2","1"
"AGTTGGTCAGGTGGAT","TPC_3","4"
"AGTTGGTTCGCGGATC","TPC_2","1"
"ATAACGCAGCGAAGGG","Prolif.TPC","5"
"ATAACGCCAGTCACTA","TPC_1","0"
"ATAACGCGTCCATGAT","DCT_2","3"
"ATAACGCTCATGGTCA","TPC_3","4"
"ATAACGCTCCGTCATC","DCT_2","3"
"ATAAGAGAGATAGTCA","DCT_1","2"
"ATAAGAGAGCGACGTA","DCT_1","2"
"ATAAGAGAGTCTCCTC","TPC_1","0"
"ATAAGAGCACGGCGTT","TPC_1","0"
"ATAAGAGCATCGGACC","DCT_1","2"
"ATAAGAGGTACCGGCT","TPC_3","4"
"ATAAGAGGTCAATGTC","TPC_2","1"
"ATAAGAGTCATCGGAT","PEC-like_2","7"
"ATAAGAGTCTGCGACG","TPC_3","4"
"ATAGACCAGTAGGCCA","TPC_2","1"
"ATAGACCCAAACGCGA","DCT_2","3"
"ATAGACCCACGGTTTA","DCT_2","3"
"ATAGACCCAGGAATGC","TPC_1","0"
"ATAGACCCATTCACTT","TPC_1","0"
"ATAGACCTCCAGTAGT","DCT_2","3"
"ATCACGAGTACCGCTG","Prolif.TPC","5"
"ATCACGAGTCAAAGAT","TPC_1","0"
"ATCACGAGTGAGCGAT","DCT_1","2"
"ATCACGATCGACCAGC","DCT_2","3"
"ATCACGATCGGAAATA","TPC_2","1"
"ATCACGATCTTCATGT","TPC_2","1"
"ATCATCTAGCCTTGAT","TPC_3","4"
"ATCATCTAGGGTTTCT","Prolif.TPC","5"
"ATCATCTCAGGGTACA","TPC_2","1"
"ATCATCTTCAGAGGTG","Prolif.TPC","5"
"ATCATCTTCCAGAAGG","DCT_1","2"
"ATCATGGAGTAGCGGT","TPC_2","1"
"ATCATGGCAATCCGAT","TPC_3","4"
"ATCATGGGTACCCAAT","Prolif.TPC","5"
"ATCATGGGTAGCGTCC","TPC_1","0"
"ATCCACCAGTCTTGCA","TPC_3","4"
"ATCCACCCAATGTAAG","TPC_3","4"
"ATCCACCCACTCTGTC","TPC_1","0"
"ATCCACCCAGACAAGC","PEC-like_1","6"
"ATCCACCCATCGTCGG","TPC_1","0"
"ATCCACCGTAGCCTCG","TPC_3","4"
"ATCCGAACACCAGGCT","DCT_1","2"
"ATCCGAAGTTCGAATC","PEC-like_2","7"
"ATCGAGTAGACAGACC","Prolif.TPC","5"
"ATCGAGTCACAGGAGT","TPC_1","0"
"ATCGAGTCAGTAAGCG","TPC_3","4"
"ATCGAGTGTGTAACGG","TPC_2","1"
"ATCGAGTTCACAGTAC","Prolif.TPC","5"
"ATCTACTCAATCTGCA","TPC_2","1"
"ATCTACTCACATTCGA","PEC-like_2","7"
"ATCTACTCATTCCTGC","DCT_1","2"
"ATCTGCCAGCGTCTAT","TPC_2","1"
"ATCTGCCAGGTGCAAC","DCT_1","2"
"ATCTGCCAGTATTGGA","TPC_1","0"
"ATCTGCCCACGTCAGC","TPC_2","1"
"ATCTGCCCAGAGCCAA","TPC_2","1"
"ATCTGCCCATTGAGCT","TPC_3","4"
"ATCTGCCGTAAGAGAG","TPC_1","0"
"ATCTGCCGTCCAACTA","TPC_2","1"
"ATCTGCCGTTTAGCTG","TPC_1","0"
"ATCTGCCTCTATGTGG","Prolif.TPC","5"
"ATGAGGGAGAGTAAGG","DCT_1","2"
"ATGAGGGAGTACGTTC","DCT_1","2"
"ATGAGGGCAGAGTGTG","TPC_1","0"
"ATGAGGGCATAGAAAC","Prolif.TPC","5"
"ATGAGGGGTTAGTGGG","TPC_1","0"
"ATGAGGGTCGTATCAG","PEC-like_1","6"
"ATGAGGGTCTGTCAAG","TPC_2","1"
"ATGCGATCAAATACAG","TPC_2","1"
"ATGGGAGAGAGTGAGA","TPC_3","4"
"ATGGGAGAGATCCCGC","TPC_3","4"
"ATGGGAGAGTATCTCG","TPC_2","1"
"ATGGGAGAGTATTGGA","Prolif.TPC","5"
"ATGGGAGCAGGTTTCA","DCT_2","3"
"ATGGGAGTCACTTACT","Prolif.TPC","5"
"ATGTGTGAGAGTCTGG","TPC_1","0"
"ATGTGTGCACAAGTAA","DCT_1","2"
"ATGTGTGGTATCGCAT","DCT_1","2"
"ATGTGTGTCAGCTCTC","TPC_3","4"
"ATGTGTGTCTTGCATT","DCT_2","3"
"ATTACTCAGGACACCA","TPC_3","4"
"ATTACTCCAGCATGAG","TPC_1","0"
"ATTACTCTCCTGCAGG","DCT_1","2"
"ATTACTCTCGCAAACT","TPC_2","1"
"ATTATCCAGAGCCCAA","DCT_2","3"
"ATTCTACAGAGTCTGG","TPC_2","1"
"ATTCTACTCACCTCGT","TPC_2","1"
"ATTCTACTCGGCGCTA","DCT_1","2"
"ATTGGACAGCTAGTTC","TPC_2","1"
"ATTGGACAGTACGTAA","Prolif.TPC","5"
"ATTGGACCAAGAGTCG","TPC_3","4"
"ATTGGACCAGGTGGAT","PEC-like_1","6"
"ATTGGACCATCCGTGG","DCT_1","2"
"ATTGGACCATGTTGAC","TPC_3","4"
"ATTGGACGTCATACTG","TPC_1","0"
"ATTGGACTCTTATCTG","TPC_1","0"
"ATTGGTGCAAGAAGAG","TPC_1","0"
"ATTGGTGCAGTACACT","Prolif.TPC","5"
"ATTGGTGCAGTATAAG","TPC_2","1"
"ATTGGTGTCACTGGGC","TPC_3","4"
"ATTGGTGTCGAATCCA","TPC_3","4"
"ATTGGTGTCGGGAGTA","PEC-like_2","7"
"ATTTCTGAGATGTTAG","TPC_1","0"
"ATTTCTGAGCGATAGC","DCT_1","2"
"ATTTCTGCAGGCTCAC","PEC-like_1","6"
"ATTTCTGGTCTTGCGG","TPC_2","1"
"CAACCAACACAGACAG","TPC_2","1"
"CAACCAACACCGAAAG","TPC_2","1"
"CAACCAAGTCTGATCA","TPC_2","1"
"CAACCTCAGGCTAGAC","DCT_1","2"
"CAACCTCCATCCGGGT","DCT_1","2"
"CAACCTCGTCCAGTTA","PEC-like_1","6"
"CAACCTCGTGAGCGAT","TPC_3","4"
"CAACCTCGTGTGACCC","DCT_2","3"
"CAACCTCTCGGCTACG","TPC_3","4"
"CAACCTCTCTTGTTTG","TPC_1","0"
"CAACTAGGTAACGACG","Prolif.TPC","5"
"CAACTAGGTAATTGGA","TPC_1","0"
"CAACTAGGTTGGGACA","DCT_1","2"
"CAACTAGTCAGGCAAG","TPC_2","1"
"CAACTAGTCGTGGTCG","DCT_2","3"
"CAAGAAACAACACGCC","TPC_3","4"
"CAAGAAACACGCCAGT","Prolif.TPC","5"
"CAAGAAACATCACGAT","DCT_2","3"
"CAAGAAATCCGTCATC","Prolif.TPC","5"
"CAAGAAATCGAACTGT","DCT_1","2"
"CAAGAAATCGGATGGA","TPC_1","0"
"CAAGATCAGCTAGTTC","DCT_1","2"
"CAAGATCTCCGATATG","TPC_2","1"
"CAAGGCCAGAACAATC","DCT_1","2"
"CAAGGCCGTTCGTGAT","TPC_1","0"
"CAAGGCCTCGGATGTT","DCT_2","3"
"CAAGTTGAGATATGGT","TPC_3","4"
"CAAGTTGCATGCCTTC","PEC-like_2","7"
"CAAGTTGGTCTCATCC","DCT_1","2"
"CAAGTTGGTTCGTGAT","TPC_2","1"
"CAAGTTGTCTGCCAGG","DCT_2","3"
"CACAAACCACAACTGT","TPC_3","4"
"CACAAACGTCGAACAG","TPC_1","0"
"CACAAACTCAAGGTAA","DCT_1","2"
"CACAAACTCTCCAGGG","TPC_1","0"
"CACACAAAGGTGACCA","DCT_2","3"
"CACACAAAGTCCGGTC","Prolif.TPC","5"
"CACACAAGTGAAGGCT","DCT_2","3"
"CACACCTAGCGTGAAC","TPC_1","0"
"CACACCTAGTAGCCGA","TPC_2","1"
"CACACCTAGTGTGAAT","Prolif.TPC","5"
"CACACCTCACAACGCC","DCT_2","3"
"CACACCTCACGGCGTT","DCT_1","2"
"CACACCTCAGTCTTCC","TPC_2","1"
"CACACCTGTTACGACT","TPC_2","1"
"CACACCTGTTGTGGCC","DCT_2","3"
"CACACCTTCCGGCACA","TPC_3","4"
"CACACTCAGAAGGGTA","DCT_1","2"
"CACACTCAGATCCCGC","Prolif.TPC","5"
"CACACTCCACTTACGA","DCT_2","3"
"CACACTCCAGGTTTCA","TPC_2","1"
"CACACTCCATCCCACT","Prolif.TPC","5"
"CACACTCGTTAGGGTG","PEC-like_1","6"
"CACAGGCCAAGGCTCC","TPC_3","4"
"CACAGGCGTACTTAGC","Prolif.TPC","5"
"CACAGGCTCAAACGGG","PEC-like_1","6"
"CACAGGCTCATGCATG","TPC_2","1"
"CACAGTAAGATCTGCT","DCT_1","2"
"CACAGTACAGCAGTTT","TPC_2","1"
"CACAGTAGTCTAGCGC","TPC_1","0"
"CACAGTATCCGGGTGT","TPC_2","1"
"CACATAGCAGATGGCA","PEC-like_1","6"
"CACATAGCATCACAAC","TPC_1","0"
"CACATAGGTTGGTAAA","DCT_1","2"
"CACATAGTCACCACCT","DCT_2","3"
"CACATAGTCCCATTTA","PEC-like_1","6"
"CACATTTAGACTAAGT","TPC_2","1"
"CACATTTAGTACGACG","TPC_2","1"
"CACATTTAGTTTGCGT","TPC_2","1"
"CACATTTCAAGGACAC","TPC_2","1"
"CACATTTCAGCCTTGG","DCT_2","3"
"CACATTTCATGTTCCC","DCT_2","3"
"CACATTTTCGTACGGC","TPC_3","4"
"CACCACTAGTACGACG","TPC_1","0"
"CACCACTCAGGATCGA","DCT_1","2"
"CACCACTGTAAGTGGC","TPC_2","1"
"CACCAGGAGACTCGGA","TPC_2","1"
"CACCAGGTCCGTTGCT","TPC_2","1"
"CACCAGGTCGTAGGAG","TPC_1","0"
"CACCTTGGTAAGGGCT","TPC_2","1"
"CACCTTGGTACAAGTA","DCT_2","3"
"CACCTTGGTCTACCTC","Prolif.TPC","5"
"CACCTTGTCAATCACG","TPC_1","0"
"CACTCCAAGCACCGCT","TPC_2","1"
"CACTCCACAATGGTCT","TPC_2","1"
"CACTCCACATAAAGGT","DCT_2","3"
"CACTCCAGTAATAGCA","Prolif.TPC","5"
"CAGAATCAGGATATAC","TPC_2","1"
"CAGAATCCAATGGATA","DCT_1","2"
"CAGAATCCATCATCCC","TPC_2","1"
"CAGAATCGTATTCGTG","TPC_1","0"
"CAGAGAGAGACTGGGT","PEC-like_1","6"
"CAGAGAGCACGGCCAT","TPC_1","0"
"CAGAGAGCAGAGCCAA","TPC_1","0"
"CAGAGAGTCGTTTGCC","TPC_1","0"
"CAGAGAGTCTTACCTA","DCT_1","2"
"CAGATCAAGCTGTCTA","TPC_3","4"
"CAGATCAAGTTTGCGT","TPC_2","1"
"CAGATCACACCATGTA","TPC_1","0"
"CAGATCACACCCATTC","TPC_2","1"
"CAGATCAGTAGCTGCC","TPC_2","1"
"CAGCAGCAGGTGGGTT","TPC_3","4"
"CAGCAGCAGTGGACGT","Prolif.TPC","5"
"CAGCAGCCACCAACCG","DCT_1","2"
"CAGCAGCCACTTAAGC","DCT_1","2"
"CAGCAGCCATCTCCCA","TPC_3","4"
"CAGCAGCTCATCGGAT","DCT_1","2"
"CAGCAGCTCGAGAACG","PEC-like_1","6"
"CAGCATAGTGGTACAG","DCT_2","3"
"CAGCATATCGCTAGCG","TPC_1","0"
"CAGCCGAAGAGGGATA","TPC_1","0"
"CAGCCGAAGATACACA","DCT_1","2"
"CAGCCGAAGTGTTTGC","Prolif.TPC","5"
"CAGCCGACAAGCTGGA","TPC_1","0"
"CAGCCGACACAAGCCC","TPC_1","0"
"CAGCCGAGTGGTCTCG","TPC_1","0"
"CAGCCGATCAACACAC","Prolif.TPC","5"
"CAGCCGATCAACGCTA","Prolif.TPC","5"
"CAGCGACCACCGAAAG","TPC_1","0"
"CAGCGACCAGAGTGTG","DCT_1","2"
"CAGCGACCAGATCTGT","TPC_3","4"
"CAGCGACGTTCAGACT","TPC_1","0"
"CAGCGACTCTGTCTCG","TPC_2","1"
"CAGCTAAAGAATAGGG","TPC_1","0"
"CAGCTAAAGATGTGTA","TPC_3","4"
"CAGCTAAAGATGTTAG","TPC_3","4"
"CAGCTAAAGGGAAACA","TPC_1","0"
"CAGCTAAGTAACGCGA","DCT_1","2"
"CAGCTAAGTCATACTG","TPC_1","0"
"CAGCTAATCACGACTA","Prolif.TPC","5"
"CAGCTAATCATGTAGC","Prolif.TPC","5"
"CAGCTGGAGTTACCCA","DCT_1","2"
"CAGCTGGCAGGTCGTC","TPC_2","1"
"CAGCTGGTCAGTTTGG","Prolif.TPC","5"
"CAGGTGCAGTCGTACT","TPC_3","4"
"CAGGTGCAGTTCGCAT","PEC-like_1","6"
"CAGGTGCCACATTCGA","DCT_1","2"
"CAGGTGCCACGGCTAC","PEC-like_2","7"
"CAGGTGCCAGAGTGTG","Prolif.TPC","5"
"CAGGTGCGTCGCGTGT","TPC_3","4"
"CAGGTGCGTTCCATGA","Prolif.TPC","5"
"CAGGTGCGTTTAGGAA","PEC-like_1","6"
"CAGTAACCATTACCTT","TPC_1","0"
"CAGTAACGTACCAGTT","DCT_2","3"
"CAGTAACGTGATGCCC","DCT_2","3"
"CAGTCCTAGGCAGGTT","DCT_1","2"
"CAGTCCTCAAGCTGTT","TPC_2","1"
"CAGTCCTTCCTAAGTG","TPC_2","1"
"CAGTCCTTCTTACCTA","Prolif.TPC","5"
"CATATGGAGCTGCAAG","Prolif.TPC","5"
"CATATGGAGTCAAGCG","DCT_2","3"
"CATATTCCAACAACCT","PEC-like_2","7"
"CATATTCCAAGACGTG","TPC_2","1"
"CATATTCGTGGTCCGT","DCT_2","3"
"CATCAAGAGAGCTATA","Prolif.TPC","5"
"CATCAAGAGAGGTTAT","TPC_1","0"
"CATCAAGCAGCTTAAC","TPC_1","0"
"CATCAAGCAGTTTACG","DCT_1","2"
"CATCAAGTCACGCATA","TPC_3","4"
"CATCAAGTCGCTTAGA","PEC-like_2","7"
"CATCAAGTCGGCTTGG","Prolif.TPC","5"
"CATCAGAGTCATTAGC","DCT_1","2"
"CATCAGATCGGTGTTA","DCT_2","3"
"CATCCACAGAAAGTGG","TPC_1","0"
"CATCCACAGGACGAAA","TPC_2","1"
"CATCCACCATCCCACT","TPC_1","0"
"CATCCACGTATTACCG","TPC_2","1"
"CATCGAAAGCCCAGCT","TPC_1","0"
"CATCGAACAGGGTTAG","TPC_1","0"
"CATCGAACATCTACGA","TPC_1","0"
"CATCGGGAGCTGTCTA","TPC_2","1"
"CATCGGGAGTCCGTAT","DCT_2","3"
"CATCGGGCACAAGTAA","TPC_3","4"
"CATCGGGCAGCGTCCA","Prolif.TPC","5"
"CATCGGGGTGATAAAC","TPC_1","0"
"CATCGGGGTTCTGAAC","TPC_1","0"
"CATCGGGGTTTAGCTG","TPC_1","0"
"CATCGGGTCGGATGTT","DCT_2","3"
"CATGACAAGCTAGGCA","PEC-like_1","6"
"CATGACAAGGTAGCTG","DCT_1","2"
"CATGACAAGTGCTGCC","DCT_2","3"
"CATGACACACCGTTGG","Prolif.TPC","5"
"CATGACACATGGAATA","TPC_2","1"
"CATGACAGTATTCGTG","Prolif.TPC","5"
"CATGCCTAGTGGAGTC","TPC_3","4"
"CATGCCTCAAGGGTCA","DCT_2","3"
"CATGCCTCACCATCCT","TPC_3","4"
"CATGCCTGTGCCTGTG","TPC_3","4"
"CATGCCTGTTGGTAAA","DCT_1","2"
"CATGCCTTCACTATTC","DCT_1","2"
"CATGCCTTCGTGTAGT","DCT_1","2"
"CATGCCTTCTGGGCCA","PEC-like_1","6"
"CATGGCGAGGACTGGT","DCT_2","3"
"CATGGCGCACGAAATA","TPC_1","0"
"CATTATCAGGCGTACA","TPC_2","1"
"CATTATCCATGCAACT","Prolif.TPC","5"
"CATTATCGTGTCAATC","DCT_2","3"
"CATTCGCAGTTTCCTT","DCT_1","2"
"CATTCGCCATCGGACC","TPC_2","1"
"CATTCGCGTACGCACC","PEC-like_2","7"
"CATTCGCGTAGGCTGA","TPC_3","4"
"CATTCGCTCGAATGCT","TPC_2","1"
"CATTCGCTCGTACCGG","TPC_3","4"
"CCAATCCAGCTAACAA","DCT_1","2"
"CCAATCCAGTCAAGCG","TPC_1","0"
"CCAATCCCATCTCCCA","TPC_1","0"
"CCAATCCTCTAACCGA","TPC_3","4"
"CCAATCCTCTAAGCCA","DCT_2","3"
"CCACCTACACGGCGTT","TPC_3","4"
"CCACCTACATCGGAAG","DCT_1","2"
"CCACCTAGTCGGGTCT","TPC_2","1"
"CCACCTAGTTGTCGCG","TPC_1","0"
"CCACCTATCATGTGGT","Prolif.TPC","5"
"CCACGGAAGATGTGGC","TPC_2","1"
"CCACGGAGTGTTAAGA","TPC_1","0"
"CCACTACAGAAACCTA","TPC_1","0"
"CCACTACAGTGTACGG","DCT_1","2"
"CCACTACGTGGCTCCA","DCT_2","3"
"CCACTACGTGTTGAGG","DCT_1","2"
"CCAGCGAAGGCACATG","DCT_2","3"
"CCAGCGACATGCCCGA","DCT_1","2"
"CCAGCGAGTTACGACT","TPC_3","4"
"CCAGCGAGTTGGTGGA","TPC_2","1"
"CCAGCGATCCAAAGTC","TPC_1","0"
"CCATGTCGTGACGGTA","DCT_1","2"
"CCATGTCTCCTTTCTC","TPC_1","0"
"CCATTCGAGAAAGTGG","TPC_3","4"
"CCATTCGCAAGTAATG","TPC_2","1"
"CCATTCGCAGGGCATA","Prolif.TPC","5"
"CCATTCGCATGGATGG","DCT_1","2"
"CCATTCGTCACTATTC","Prolif.TPC","5"
"CCATTCGTCCACGACG","TPC_1","0"
"CCCAATCAGGAGTAGA","DCT_2","3"
"CCCAATCAGTGAAGTT","TPC_2","1"
"CCCAATCCATTGGTAC","DCT_1","2"
"CCCAATCGTTGACGTT","TPC_2","1"
"CCCAGTTAGAGTAAGG","DCT_2","3"
"CCCAGTTAGGCCCTTG","TPC_2","1"
"CCCAGTTGTCAAAGCG","TPC_3","4"
"CCCAGTTTCCACGAAT","TPC_1","0"
"CCCAGTTTCGACAGCC","PEC-like_1","6"
"CCCAGTTTCGGAAACG","TPC_2","1"
"CCCAGTTTCTGTCAAG","Prolif.TPC","5"
"CCCATACAGTCTTGCA","DCT_2","3"
"CCCATACCAGGTCGTC","Prolif.TPC","5"
"CCCATACTCCATGAGT","Prolif.TPC","5"
"CCCTCCTCAAACCTAC","Prolif.TPC","5"
"CCCTCCTGTTGGTAAA","TPC_1","0"
"CCCTCCTTCGCATGAT","Prolif.TPC","5"
"CCCTCCTTCTCGAGTA","DCT_1","2"
"CCGGGATCAAGTTGTC","TPC_1","0"
"CCGGGATCAGGGTATG","Prolif.TPC","5"
"CCGGGATGTCCGTCAG","TPC_1","0"
"CCGGGATGTGAAGGCT","Prolif.TPC","5"
"CCGGGATGTGCCTGGT","DCT_1","2"
"CCGGGATGTGTCCTCT","TPC_2","1"
"CCGGTAGCAGATAATG","DCT_2","3"
"CCGGTAGTCATTTGGG","PEC-like_2","7"
"CCGGTAGTCGATAGAA","Prolif.TPC","5"
"CCGTACTAGCAGCCTC","TPC_2","1"
"CCGTACTAGGACGAAA","TPC_3","4"
"CCGTACTAGGGTTTCT","DCT_1","2"
"CCGTACTCACAACGCC","TPC_1","0"
"CCGTACTGTGCCTTGG","TPC_1","0"
"CCGTACTGTGTCTGAT","DCT_2","3"
"CCGTACTGTTCGCTAA","TPC_2","1"
"CCGTACTTCACGATGT","TPC_2","1"
"CCGTGGACATACCATG","TPC_1","0"
"CCGTGGATCATGTCTT","TPC_1","0"
"CCGTTCACAGCCTATA","TPC_1","0"
"CCGTTCACAGCTGCAC","TPC_1","0"
"CCGTTCACATGCTGGC","TPC_3","4"
"CCGTTCAGTCTCGTTC","TPC_2","1"
"CCTAAAGAGTGCCAGA","DCT_2","3"
"CCTAAAGCATCGGAAG","TPC_1","0"
"CCTAAAGTCAACGGGA","DCT_2","3"
"CCTAAAGTCCTCATTA","Prolif.TPC","5"
"CCTAAAGTCTCTGAGA","TPC_3","4"
"CCTACACAGCGTCAAG","TPC_3","4"
"CCTACACAGCGTTGCC","TPC_2","1"
"CCTACACAGCTAGCCC","Prolif.TPC","5"
"CCTACACAGTCCGTAT","TPC_2","1"
"CCTACACGTGAGTATA","PEC-like_2","7"
"CCTACACTCCAGAAGG","TPC_1","0"
"CCTACACTCCTTCAAT","TPC_1","0"
"CCTACCACAAGTCATC","PEC-like_1","6"
"CCTACCACAGATCGGA","TPC_1","0"
"CCTACCAGTGAGCGAT","TPC_1","0"
"CCTACCATCAGCTTAG","DCT_1","2"
"CCTAGCTAGGGATCTG","PEC-like_1","6"
"CCTAGCTCACTCGACG","TPC_3","4"
"CCTAGCTTCAATCACG","TPC_1","0"
"CCTATTAGTCATGCCG","TPC_2","1"
"CCTATTATCTGATTCT","TPC_1","0"
"CCTATTATCTGTCTAT","TPC_1","0"
"CCTCAGTAGGATGCGT","TPC_1","0"
"CCTCAGTAGTGGTAAT","TPC_1","0"
"CCTCAGTAGTGTGAAT","TPC_1","0"
"CCTCAGTCACATCCGG","DCT_1","2"
"CCTCAGTCATTCCTCG","TPC_1","0"
"CCTCAGTGTGCTAGCC","DCT_2","3"
"CCTCAGTGTGGTTTCA","PEC-like_1","6"
"CCTCAGTGTTACCGAT","DCT_2","3"
"CCTCAGTGTTCAGCGC","DCT_2","3"
"CCTCAGTTCAGTCAGT","Prolif.TPC","5"
"CCTCAGTTCGCTTAGA","Prolif.TPC","5"
"CCTCTGAAGCTAGTTC","DCT_2","3"
"CCTCTGAAGGTGCTAG","DCT_1","2"
"CCTCTGAAGTAGCGGT","PEC-like_1","6"
"CCTCTGACACCCAGTG","TPC_3","4"
"CCTCTGACACCGGAAA","DCT_1","2"
"CCTCTGAGTAGCGCTC","TPC_1","0"
"CCTCTGATCAGGCAAG","TPC_2","1"
"CCTTACGAGATGCCTT","DCT_2","3"
"CCTTACGAGTATCGAA","DCT_2","3"
"CCTTACGCAAGCGCTC","TPC_2","1"
"CCTTACGCACCCAGTG","DCT_2","3"
"CCTTACGTCAGAGGTG","TPC_3","4"
"CCTTCCCAGACAGACC","DCT_1","2"
"CCTTCCCCAAATACAG","DCT_2","3"
"CCTTCCCCAGTGACAG","TPC_3","4"
"CCTTCCCCAGTGAGTG","TPC_1","0"
"CCTTCCCGTACGCTGC","TPC_2","1"
"CCTTCCCGTCAGTGGA","DCT_2","3"
"CCTTCCCTCAGAGGTG","Prolif.TPC","5"
"CCTTCCCTCTACGAGT","TPC_3","4"
"CCTTCCCTCTTAGCCC","DCT_1","2"
"CCTTCGACACAGCGTC","DCT_2","3"
"CCTTCGACAGGACGTA","TPC_2","1"
"CCTTCGACATCGGTTA","TPC_1","0"
"CCTTCGAGTAGAGCTG","TPC_1","0"
"CCTTCGAGTGCAGACA","TPC_3","4"
"CCTTTCTCATACTCTT","DCT_2","3"
"CCTTTCTTCGGGAGTA","DCT_2","3"
"CCTTTCTTCTCGTTTA","DCT_2","3"
"CGAACATAGATCTGCT","DCT_2","3"
"CGAACATAGCCGCCTA","TPC_2","1"
"CGAACATAGGTAGCTG","DCT_1","2"
"CGAACATCACCTATCC","TPC_1","0"
"CGAACATGTGAAGGCT","Prolif.TPC","5"
"CGAACATGTTCCAACA","DCT_2","3"
"CGAACATGTTGCGCAC","TPC_2","1"
"CGAACATTCCTAGTGA","TPC_3","4"
"CGAATGTGTAAGTTCC","TPC_1","0"
"CGAATGTGTATTACCG","PEC-like_1","6"
"CGAATGTGTCTTCTCG","TPC_2","1"
"CGACCTTAGAAACCAT","DCT_2","3"
"CGACCTTCACGAAAGC","Prolif.TPC","5"
"CGACCTTGTGACCAAG","DCT_2","3"
"CGACCTTGTGTGTGCC","TPC_2","1"
"CGACCTTTCTCCAACC","TPC_2","1"
"CGACTTCAGACTAAGT","TPC_1","0"
"CGACTTCAGGATGTAT","DCT_2","3"
"CGACTTCCAATCTGCA","DCT_1","2"
"CGACTTCCAATTCCTT","TPC_2","1"
"CGACTTCGTGTAATGA","TPC_2","1"
"CGAGAAGCAAATCCGT","DCT_1","2"
"CGAGAAGCAATCGGTT","TPC_1","0"
"CGAGAAGCAGTGACAG","TPC_3","4"
"CGAGAAGGTAGAAAGG","DCT_2","3"
"CGAGAAGTCAGCTCTC","TPC_1","0"
"CGAGAAGTCGAATGCT","TPC_2","1"
"CGAGCACAGTGACATA","DCT_1","2"
"CGAGCACCACCTATCC","TPC_1","0"
"CGAGCACCATCAGTCA","DCT_2","3"
"CGAGCACGTCTTCGTC","TPC_1","0"
"CGAGCCAAGTGGTAAT","TPC_1","0"
"CGAGCCACAATACGCT","Prolif.TPC","5"
"CGAGCCACAGGTTTCA","DCT_1","2"
"CGAGCCACATGTCGAT","TPC_2","1"
"CGAGCCAGTCGTTGTA","TPC_2","1"
"CGAGCCAGTGCAGTAG","TPC_2","1"
"CGAGCCATCGAACTGT","TPC_2","1"
"CGAGCCATCGGTTAAC","TPC_2","1"
"CGATCGGAGCGTGAAC","Prolif.TPC","5"
"CGATCGGAGCTACCTA","TPC_3","4"
"CGATCGGCACAACGTT","TPC_3","4"
"CGATCGGCAGTGACAG","TPC_2","1"
"CGATCGGTCTGTCAAG","DCT_1","2"
"CGATGGCAGCACCGTC","TPC_3","4"
"CGATGGCAGGACATTA","TPC_3","4"
"CGATGGCAGTGCTGCC","DCT_1","2"
"CGATGGCCATATACCG","TPC_2","1"
"CGATGGCCATGGTAGG","DCT_1","2"
"CGATGGCTCATATCGG","TPC_2","1"
"CGATGTACACGGTAGA","TPC_2","1"
"CGATGTATCGTCACGG","TPC_1","0"
"CGATTGACAATGGAGC","DCT_1","2"
"CGATTGACACGGCCAT","Prolif.TPC","5"
"CGATTGACAGTCTTCC","PEC-like_2","7"
"CGATTGATCCAATGGT","DCT_2","3"
"CGCCAAGGTTCACCTC","DCT_2","3"
"CGCGGTAAGCAGCCTC","DCT_2","3"
"CGCGGTACACATGACT","DCT_1","2"
"CGCGGTACAGTTCATG","TPC_1","0"
"CGCGGTAGTCGAACAG","TPC_3","4"
"CGCGGTAGTGATAAGT","TPC_2","1"
"CGCGGTAGTTATGTGC","DCT_1","2"
"CGCGGTATCACCATAG","TPC_3","4"
"CGCGGTATCCAGAAGG","TPC_3","4"
"CGCGTTTTCCGTAGGC","TPC_2","1"
"CGCTATCAGCAGCGTA","TPC_3","4"
"CGCTATCGTTCCGGCA","TPC_2","1"
"CGCTATCTCCTCTAGC","TPC_3","4"
"CGCTGGAAGCTAGTCT","TPC_1","0"
"CGCTGGAAGGATGGAA","TPC_1","0"
"CGCTGGAAGGATGGTC","DCT_2","3"
"CGCTGGACACAGCCCA","TPC_2","1"
"CGCTGGACATGAGCGA","DCT_1","2"
"CGCTGGAGTAACGTTC","TPC_2","1"
"CGCTTCATCTACTCAT","DCT_1","2"
"CGGACACGTCCAACTA","DCT_2","3"
"CGGACACTCGTAGATC","TPC_2","1"
"CGGACGTAGCTAACTC","TPC_3","4"
"CGGACGTCACGGTAGA","DCT_2","3"
"CGGACGTGTTATGTGC","TPC_1","0"
"CGGACGTTCTATCGCC","TPC_2","1"
"CGGACTGGTGCGGTAA","TPC_3","4"
"CGGACTGTCAGTTCGA","PEC-like_2","7"
"CGGACTGTCCGAGCCA","TPC_2","1"
"CGGAGCTCAGATGGCA","DCT_2","3"
"CGGAGCTCATGCCTAA","TPC_1","0"
"CGGAGCTGTAAGCACG","TPC_1","0"
"CGGAGCTGTCGAGTTT","TPC_1","0"
"CGGAGCTGTTACTGAC","TPC_2","1"
"CGGAGTCAGCCACGCT","DCT_1","2"
"CGGAGTCAGGCCGAAT","TPC_1","0"
"CGGAGTCCAATAGCAA","PEC-like_2","7"
"CGGAGTCTCATGTCTT","TPC_3","4"
"CGGAGTCTCGGTGTCG","DCT_2","3"
"CGGAGTCTCTGCTTGC","Prolif.TPC","5"
"CGGCTAGAGACAGGCT","DCT_2","3"
"CGGCTAGAGCGGATCA","TPC_2","1"
"CGGCTAGAGCGTGTCC","Prolif.TPC","5"
"CGGCTAGGTATAGGGC","DCT_1","2"
"CGGCTAGGTATCACCA","PEC-like_1","6"
"CGGCTAGTCTTCGGTC","PEC-like_2","7"
"CGGGTCAGTTCGGGCT","TPC_3","4"
"CGGTTAAGTAAGAGAG","Prolif.TPC","5"
"CGGTTAAGTGAGCGAT","TPC_3","4"
"CGGTTAAGTGGTACAG","TPC_1","0"
"CGGTTAATCCCAACGG","TPC_1","0"
"CGTAGCGAGACTGTAA","TPC_1","0"
"CGTAGCGAGTGGTCCC","TPC_2","1"
"CGTAGCGAGTTACGGG","DCT_2","3"
"CGTAGCGGTAGCGCAA","TPC_1","0"
"CGTAGCGGTTAGATGA","PEC-like_2","7"
"CGTAGGCAGAAGGTGA","TPC_1","0"
"CGTAGGCCACTGTGTA","TPC_1","0"
"CGTAGGCCAGGCAGTA","TPC_1","0"
"CGTAGGCCATAAAGGT","TPC_1","0"
"CGTAGGCCATGTAAGA","TPC_3","4"
"CGTAGGCCATTCTTAC","Prolif.TPC","5"
"CGTAGGCCATTGTGCA","TPC_1","0"
"CGTAGGCTCAACACAC","TPC_2","1"
"CGTCACTAGGGCTTCC","Prolif.TPC","5"
"CGTCACTCACGCTTTC","TPC_1","0"
"CGTCACTGTCTCACCT","TPC_3","4"
"CGTCACTGTGAGTGAC","PEC-like_2","7"
"CGTCACTTCGGAGCAA","DCT_2","3"
"CGTCAGGAGCTGCAAG","TPC_1","0"
"CGTCAGGAGGCAGGTT","Prolif.TPC","5"
"CGTCAGGCAAGTAATG","PEC-like_2","7"
"CGTCAGGCAGCGTTCG","Prolif.TPC","5"
"CGTCAGGCATGTCCTC","TPC_3","4"
"CGTCAGGTCAAAGACA","TPC_2","1"
"CGTCCATAGAAGGTTT","Prolif.TPC","5"
"CGTCCATAGAGTGAGA","TPC_1","0"
"CGTCCATAGGGTGTTG","DCT_1","2"
"CGTCCATTCGGCATCG","TPC_1","0"
"CGTCTACAGGTGCAAC","PEC-like_2","7"
"CGTCTACAGTACCGGA","Prolif.TPC","5"
"CGTCTACCACGACTCG","TPC_1","0"
"CGTCTACGTGAGGGAG","TPC_2","1"
"CGTCTACGTGGACGAT","TPC_3","4"
"CGTGAGCAGATGGCGT","TPC_2","1"
"CGTGAGCAGCAATCTC","DCT_2","3"
"CGTGAGCAGCGCCTCA","TPC_2","1"
"CGTGAGCGTGCGGTAA","DCT_2","3"
"CGTGAGCTCCAAAGTC","DCT_1","2"
"CGTGAGCTCCTGTAGA","PEC-like_1","6"
"CGTGTAAAGTAGGCCA","DCT_1","2"
"CGTGTAATCAGGTTCA","TPC_1","0"
"CGTGTAATCCGAGCCA","PEC-like_2","7"
"CGTGTAATCTTGACGA","TPC_1","0"
"CGTGTCTAGGGTGTTG","TPC_1","0"
"CGTGTCTCAAGCTGGA","TPC_1","0"
"CGTGTCTCAGACGCCT","DCT_2","3"
"CGTTAGAAGAGCCTAG","DCT_1","2"
"CGTTAGACAGACTCGC","TPC_1","0"
"CGTTAGAGTCTCTCGT","Prolif.TPC","5"
"CGTTAGAGTTTGGCGC","DCT_1","2"
"CGTTCTGAGGGATCTG","TPC_1","0"
"CGTTCTGCACCTGGTG","TPC_1","0"
"CGTTCTGCATCAGTAC","DCT_2","3"
"CGTTCTGGTGAGGGAG","DCT_1","2"
"CGTTCTGTCCGTCAAA","DCT_2","3"
"CGTTGGGAGTATCTCG","TPC_3","4"
"CGTTGGGAGTGCGATG","TPC_1","0"
"CGTTGGGCAATAAGCA","DCT_2","3"
"CGTTGGGCACGCATCG","DCT_1","2"
"CGTTGGGGTCTGGTCG","Prolif.TPC","5"
"CTAACTTAGTTAACGA","DCT_1","2"
"CTAACTTTCAACGCTA","DCT_2","3"
"CTAACTTTCGCCATAA","TPC_1","0"
"CTAAGACAGAGACGAA","TPC_1","0"
"CTAAGACAGTCTCCTC","Prolif.TPC","5"
"CTAAGACCAATCCAAC","TPC_1","0"
"CTAAGACGTAAATGTG","DCT_1","2"
"CTAATGGCATAAGACA","TPC_2","1"
"CTAATGGGTTCCTCCA","Prolif.TPC","5"
"CTACACCAGACGCAAC","DCT_2","3"
"CTACACCAGATGCGAC","TPC_1","0"
"CTACACCAGTGGTAGC","TPC_2","1"
"CTACACCCAGCTCGAC","DCT_2","3"
"CTACACCCAGGGATTG","TPC_2","1"
"CTACACCGTACGACCC","TPC_1","0"
"CTACACCGTTCCGTCT","DCT_1","2"
"CTACATTAGACAGACC","DCT_2","3"
"CTACATTAGGACTGGT","DCT_1","2"
"CTACATTAGTAGATGT","TPC_1","0"
"CTACATTCAAACGTGG","TPC_1","0"
"CTACATTCAGTAACGG","TPC_1","0"
"CTACATTTCTCCCTGA","DCT_2","3"
"CTACCCAAGGAGTTGC","DCT_1","2"
"CTACCCAAGGATGGAA","TPC_1","0"
"CTACCCAAGGGTCTCC","DCT_1","2"
"CTACCCAAGTACGCGA","TPC_2","1"
"CTACCCAGTAGAGCTG","DCT_1","2"
"CTACCCATCGTTTATC","TPC_2","1"
"CTACGTCAGTGTACTC","TPC_3","4"
"CTACGTCCATGTCTCC","DCT_1","2"
"CTACGTCGTAGCGATG","PEC-like_2","7"
"CTACGTCTCCTATTCA","TPC_2","1"
"CTAGAGTAGCAGCCTC","DCT_1","2"
"CTAGAGTAGCTGAAAT","DCT_1","2"
"CTAGAGTTCACCACCT","TPC_1","0"
"CTAGCCTAGGAGCGTT","TPC_1","0"
"CTAGCCTAGTGCGTGA","DCT_2","3"
"CTAGCCTCAATGGATA","DCT_1","2"
"CTAGCCTGTCTAGCCG","DCT_2","3"
"CTAGCCTTCGGCCGAT","Prolif.TPC","5"
"CTAGCCTTCTGTCTCG","Prolif.TPC","5"
"CTAGTGAAGATCGATA","TPC_2","1"
"CTAGTGAAGCCACGCT","Prolif.TPC","5"
"CTAGTGAAGCTGAACG","PEC-like_1","6"
"CTAGTGACAAACGCGA","TPC_2","1"
"CTAGTGACACCAGATT","Prolif.TPC","5"
"CTAGTGACACCGAATT","TPC_3","4"
"CTAGTGACACTGTTAG","DCT_1","2"
"CTCACACAGAACAATC","TPC_1","0"
"CTCACACAGCGTGAGT","PEC-like_1","6"
"CTCACACAGGGAGTAA","DCT_1","2"
"CTCACACCAAGCCGCT","TPC_1","0"
"CTCACACCACTGTTAG","TPC_2","1"
"CTCACACCATGCTGGC","DCT_2","3"
"CTCACACTCGCATGGC","DCT_1","2"
"CTCAGAACATACGCTA","TPC_1","0"
"CTCAGAACATGAAGTA","Prolif.TPC","5"
"CTCAGAAGTTTAGCTG","TPC_2","1"
"CTCATTAGTTGCCTCT","TPC_2","1"
"CTCATTATCGCCCTTA","TPC_1","0"
"CTCATTATCGGGAGTA","DCT_1","2"
"CTCCTAGAGGACATTA","DCT_1","2"
"CTCCTAGCATACGCCG","DCT_1","2"
"CTCCTAGCATTCACTT","DCT_1","2"
"CTCCTAGGTGCGGTAA","TPC_3","4"
"CTCCTAGGTTCACGGC","DCT_2","3"
"CTCCTAGGTTCCGGCA","TPC_1","0"
"CTCCTAGTCGCAAGCC","TPC_3","4"
"CTCCTAGTCTAACTCT","DCT_2","3"
"CTCGAAAAGATGTGGC","DCT_2","3"
"CTCGAAAAGTTAGCGG","TPC_1","0"
"CTCGAAACAAGGGTCA","TPC_3","4"
"CTCGAAACAGGCGATA","TPC_2","1"
"CTCGAAAGTTCGGGCT","Prolif.TPC","5"
"CTCGAAATCCGTAGGC","DCT_2","3"
"CTCGAAATCCTCATTA","Prolif.TPC","5"
"CTCGAAATCTACCTGC","TPC_1","0"
"CTCGAGGAGACTAGGC","TPC_1","0"
"CTCGAGGCAGAAGCAC","TPC_1","0"
"CTCGAGGCAGAGTGTG","TPC_1","0"
"CTCGAGGCAGCCTATA","TPC_3","4"
"CTCGAGGCATGCTAGT","TPC_1","0"
"CTCGAGGGTCGCGGTT","TPC_3","4"
"CTCGAGGGTGTTCTTT","DCT_2","3"
"CTCGAGGTCAGCTCTC","DCT_1","2"
"CTCGAGGTCCTCGCAT","DCT_2","3"
"CTCGAGGTCTTATCTG","TPC_3","4"
"CTCGGAGCACAGTCGC","TPC_2","1"
"CTCGGAGGTGAAATCA","TPC_2","1"
"CTCGGAGTCAAGGCTT","Prolif.TPC","5"
"CTCGGGAAGTAGCGGT","TPC_1","0"
"CTCGGGATCCTGCTTG","TPC_1","0"
"CTCGGGATCTCTAAGG","TPC_1","0"
"CTCGTACGTTTGGCGC","TPC_2","1"
"CTCGTCAAGCTCCCAG","TPC_1","0"
"CTCGTCAGTTTAGGAA","DCT_1","2"
"CTCGTCATCCTAGGGC","Prolif.TPC","5"
"CTCGTCATCTAACTTC","TPC_1","0"
"CTCTAATAGGCCATAG","TPC_1","0"
"CTCTAATAGTCCCACG","TPC_1","0"
"CTCTAATAGTGGGATC","Prolif.TPC","5"
"CTCTAATAGTTGAGAT","DCT_1","2"
"CTCTAATCAGTTAACC","Prolif.TPC","5"
"CTCTAATGTTTCCACC","DCT_2","3"
"CTCTAATTCAGGCAAG","TPC_2","1"
"CTCTAATTCCACGTTC","TPC_2","1"
"CTCTAATTCGAATCCA","TPC_2","1"
"CTCTACGAGCGTTTAC","DCT_2","3"
"CTCTACGCAGACGCTC","TPC_1","0"
"CTCTACGCATGCATGT","TPC_1","0"
"CTCTACGGTATTCTCT","DCT_1","2"
"CTCTACGGTGGTCCGT","TPC_1","0"
"CTCTACGTCGCATGAT","DCT_1","2"
"CTCTGGTAGACTGTAA","TPC_1","0"
"CTCTGGTAGCAAATCA","TPC_1","0"
"CTCTGGTAGGGTCTCC","TPC_2","1"
"CTCTGGTCAGATGGGT","TPC_1","0"
"CTCTGGTTCCGTACAA","TPC_3","4"
"CTGAAACAGCCGATTT","DCT_1","2"
"CTGAAACTCTGATTCT","TPC_1","0"
"CTGAAACTCTGTCCGT","TPC_3","4"
"CTGAAGTAGTAGGTGC","Prolif.TPC","5"
"CTGAAGTCAACTGCTA","DCT_2","3"
"CTGAAGTCAAGAAGAG","DCT_2","3"
"CTGAAGTCAATGAATG","TPC_1","0"
"CTGAAGTCACCGAAAG","TPC_1","0"
"CTGAAGTCATACTACG","TPC_1","0"
"CTGATAGAGCCACGCT","DCT_1","2"
"CTGATAGAGGACAGAA","DCT_2","3"
"CTGATAGCAAATACAG","DCT_1","2"
"CTGATAGCAAGAGTCG","DCT_1","2"
"CTGATAGGTAGCGTAG","DCT_2","3"
"CTGATAGTCGCAGGCT","TPC_1","0"
"CTGATAGTCTCACATT","DCT_2","3"
"CTGATCCAGACTAGAT","PEC-like_2","7"
"CTGATCCCAGTGGGAT","TPC_1","0"
"CTGATCCGTAGGCTGA","TPC_3","4"
"CTGCCTACAGTCGATT","PEC-like_2","7"
"CTGCCTAGTTCCTCCA","PEC-like_2","7"
"CTGCCTATCAGAGGTG","TPC_1","0"
"CTGCCTATCCTCAATT","TPC_3","4"
"CTGCGGACAATCCAAC","TPC_1","0"
"CTGCGGACACTTCGAA","TPC_3","4"
"CTGCGGACAGTGACAG","DCT_2","3"
"CTGCGGACATTACGAC","DCT_1","2"
"CTGCGGAGTTCGTGAT","DCT_2","3"
"CTGCGGAGTTTGACAC","TPC_1","0"
"CTGCTGTAGCAGGCTA","TPC_1","0"
"CTGCTGTGTGCATCTA","TPC_1","0"
"CTGGTCTAGGGAGTAA","Prolif.TPC","5"
"CTGGTCTAGGGCACTA","TPC_1","0"
"CTGGTCTCACATTTCT","DCT_1","2"
"CTGGTCTCAGTAGAGC","DCT_2","3"
"CTGGTCTGTAAGGGCT","Prolif.TPC","5"
"CTGGTCTGTAGATTAG","TPC_1","0"
"CTGGTCTTCGTATCAG","DCT_2","3"
"CTGTGCTAGAACTCGG","TPC_1","0"
"CTGTGCTAGATCCCAT","TPC_1","0"
"CTGTGCTAGGTAGCCA","TPC_1","0"
"CTGTGCTCATGACGGA","TPC_2","1"
"CTGTGCTGTAAATGTG","DCT_2","3"
"CTGTTTACAAACAACA","TPC_2","1"
"CTGTTTACAGCTTCGG","TPC_3","4"
"CTGTTTAGTTCTGGTA","DCT_2","3"
"CTTAACTCAGCCTATA","DCT_2","3"
"CTTAACTCATTACGAC","TPC_3","4"
"CTTAACTGTTAAGGGC","TPC_3","4"
"CTTACCGAGAGCCCAA","DCT_2","3"
"CTTACCGAGTTAGGTA","TPC_3","4"
"CTTACCGCAAGCTGGA","TPC_3","4"
"CTTACCGCAGTCACTA","TPC_3","4"
"CTTACCGCATACCATG","Prolif.TPC","5"
"CTTACCGGTGAAGGCT","TPC_1","0"
"CTTACCGTCCACTGGG","DCT_1","2"
"CTTAGGAAGTCCGTAT","TPC_2","1"
"CTTAGGAAGTGTCCCG","TPC_1","0"
"CTTAGGACATCGGAAG","TPC_1","0"
"CTTAGGACATCGGTTA","DCT_1","2"
"CTTCTCTAGTTCGCGC","DCT_1","2"
"CTTCTCTCAGACAAGC","TPC_1","0"
"CTTCTCTGTTTACTCT","PEC-like_2","7"
"CTTCTCTTCCTAGGGC","Prolif.TPC","5"
"CTTCTCTTCTGACCTC","DCT_1","2"
"CTTGGCTAGATGGCGT","TPC_2","1"
"CTTGGCTAGTCGTTTG","TPC_1","0"
"CTTGGCTCAGGGTACA","TPC_3","4"
"CTTGGCTTCCCGGATG","DCT_1","2"
"CTTGGCTTCTCGATGA","TPC_1","0"
"CTTTGCGCAAGTACCT","DCT_1","2"
"CTTTGCGCACAGTCGC","DCT_2","3"
"CTTTGCGGTACCAGTT","Prolif.TPC","5"
"CTTTGCGGTATAGGTA","DCT_1","2"
"CTTTGCGGTCGAAAGC","PEC-like_1","6"
"CTTTGCGGTGCCTGCA","TPC_2","1"
"CTTTGCGTCAACACAC","DCT_1","2"
"CTTTGCGTCTAACTGG","PEC-like_1","6"
"CTTTGCGTCTACTTAC","DCT_1","2"
"GAAACTCAGGGCTCTC","Prolif.TPC","5"
"GAAACTCCAAGGTTCT","DCT_1","2"
"GAAACTCGTTCTGGTA","PEC-like_2","7"
"GAAACTCGTTGAGTTC","DCT_2","3"
"GAAATGAAGATAGTCA","DCT_2","3"
"GAAATGAAGTTCGATC","TPC_1","0"
"GAAATGACAAGAAAGG","DCT_1","2"
"GAAATGACACGTCTCT","TPC_1","0"
"GAAATGAGTTCAGCGC","PEC-like_2","7"
"GAAATGATCCCAGGTG","TPC_2","1"
"GAAATGATCGTAGATC","TPC_3","4"
"GAACATCAGAGTTGGC","TPC_3","4"
"GAACATCAGCGCTTAT","TPC_2","1"
"GAACATCCACGACGAA","TPC_3","4"
"GAACATCGTAAATGAC","DCT_1","2"
"GAACATCGTGATGTGG","TPC_1","0"
"GAACATCTCATAACCG","TPC_1","0"
"GAACATCTCCTGTAGA","TPC_1","0"
"GAACCTACACTTGGAT","Prolif.TPC","5"
"GAACCTACAGTGAGTG","TPC_2","1"
"GAACCTATCCATGAAC","DCT_1","2"
"GAACCTATCTGACCTC","DCT_1","2"
"GAACGGAAGATATACG","TPC_1","0"
"GAACGGAAGATGTGGC","TPC_1","0"
"GAACGGACAATCCAAC","Prolif.TPC","5"
"GAAGCAGAGACTTTCG","TPC_1","0"
"GAAGCAGAGCAATATG","Prolif.TPC","5"
"GAAGCAGAGGCTAGCA","TPC_2","1"
"GAAGCAGCACGGCGTT","DCT_1","2"
"GAAGCAGGTGCACGAA","DCT_1","2"
"GAATAAGCAAGAAAGG","DCT_1","2"
"GAATAAGCATAAGACA","Prolif.TPC","5"
"GAATAAGGTAAATGAC","Prolif.TPC","5"
"GAATAAGTCAGAGGTG","PEC-like_1","6"
"GAATGAAAGGATCGCA","TPC_1","0"
"GAATGAAAGTCCTCCT","TPC_1","0"
"GAATGAACATTCACTT","TPC_2","1"
"GAATGAATCCTTGACC","TPC_1","0"
"GAATGAATCGAGAGCA","DCT_1","2"
"GACACGCAGCCTATGT","DCT_2","3"
"GACACGCAGCGTTCCG","TPC_3","4"
"GACACGCAGCTAAGAT","TPC_2","1"
"GACACGCGTTCATGGT","TPC_2","1"
"GACACGCTCAGTTTGG","TPC_3","4"
"GACACGCTCTGCAAGT","TPC_1","0"
"GACAGAGAGGACACCA","TPC_1","0"
"GACAGAGAGGTCATCT","TPC_1","0"
"GACAGAGGTTCAGCGC","TPC_3","4"
"GACAGAGGTTGTTTGG","TPC_2","1"
"GACAGAGTCTAACTGG","TPC_3","4"
"GACAGAGTCTTCATGT","TPC_1","0"
"GACCAATAGATGTCGG","PEC-like_1","6"
"GACCAATAGCTTCGCG","DCT_1","2"
"GACCAATAGGGAACGG","Prolif.TPC","5"
"GACCAATGTCCTCTTG","TPC_1","0"
"GACCAATGTCTAACGT","TPC_3","4"
"GACCAATGTGCACTTA","TPC_1","0"
"GACCAATTCGCGATCG","TPC_3","4"
"GACCTGGAGCTGTTCA","TPC_2","1"
"GACCTGGCAAAGAATC","DCT_2","3"
"GACCTGGCATGGTCTA","TPC_1","0"
"GACCTGGGTACATGTC","DCT_1","2"
"GACCTGGGTAGCCTAT","Prolif.TPC","5"
"GACCTGGTCAACACCA","TPC_1","0"
"GACGCGTAGGCCATAG","TPC_1","0"
"GACGCGTGTGACTACT","TPC_1","0"
"GACGCGTGTGGTAACG","TPC_2","1"
"GACGCGTTCCCTTGTG","DCT_2","3"
"GACGCGTTCTATCCCG","DCT_1","2"
"GACGGCTAGCCTATGT","DCT_2","3"
"GACGGCTCAAACCTAC","DCT_1","2"
"GACGGCTCAGGTCTCG","PEC-like_1","6"
"GACGGCTGTCTAAACC","TPC_1","0"
"GACGGCTTCTGGTGTA","TPC_1","0"
"GACGTGCCAAGTTCTG","DCT_1","2"
"GACGTGCGTAAGGATT","TPC_2","1"
"GACGTGCGTCTGCGGT","DCT_1","2"
"GACGTGCGTTCGGCAC","TPC_2","1"
"GACGTGCTCAGGCCCA","DCT_1","2"
"GACGTGCTCAGTCAGT","TPC_1","0"
"GACGTGCTCGAACGGA","TPC_1","0"
"GACGTGCTCGAATCCA","TPC_1","0"
"GACGTTAAGGATCGCA","DCT_2","3"
"GACGTTACAGGCAGTA","DCT_2","3"
"GACGTTAGTCATCCCT","PEC-like_1","6"
"GACGTTAGTGAGTGAC","TPC_2","1"
"GACGTTAGTGATAAAC","DCT_1","2"
"GACGTTAGTGTGACGA","Prolif.TPC","5"
"GACGTTATCGAGAACG","Prolif.TPC","5"
"GACTAACAGATGCGAC","TPC_1","0"
"GACTAACCAAGTTGTC","DCT_1","2"
"GACTAACCACCTCGTT","TPC_2","1"
"GACTAACGTCCGAACC","DCT_2","3"
"GACTAACTCTTACCTA","TPC_1","0"
"GACTACACACATGACT","TPC_1","0"
"GACTACACACTGCCAG","TPC_1","0"
"GACTACAGTAGAGCTG","DCT_1","2"
"GACTACATCTGGAGCC","PEC-like_1","6"
"GACTGCGAGAGTTGGC","TPC_1","0"
"GACTGCGAGGCTCATT","TPC_1","0"
"GACTGCGAGGTGTTAA","DCT_1","2"
"GACTGCGCACCGAAAG","DCT_1","2"
"GACTGCGCAGACGCAA","TPC_3","4"
"GACTGCGCATAGACTC","TPC_2","1"
"GACTGCGGTCAGCTAT","Prolif.TPC","5"
"GAGCAGATCCGCATAA","TPC_2","1"
"GAGGTGACAGATCCAT","DCT_2","3"
"GAGGTGACAGTTTACG","DCT_1","2"
"GAGGTGAGTCCCTACT","TPC_1","0"
"GAGTCCGCAAGAAGAG","Prolif.TPC","5"
"GAGTCCGCATGCTAGT","TPC_1","0"
"GAGTCCGGTCTAGCGC","TPC_3","4"
"GAGTCCGGTTCGGGCT","TPC_2","1"
"GAGTCCGTCTCCTATA","DCT_2","3"
"GATCAGTCATACTACG","TPC_3","4"
"GATCAGTGTACTCTCC","TPC_1","0"
"GATCAGTGTGTATGGG","DCT_1","2"
"GATCGATAGCTAGCCC","TPC_3","4"
"GATCGATAGGGCTTGA","TPC_1","0"
"GATCGATCACGGTTTA","TPC_2","1"
"GATCGATCATCACGTA","DCT_1","2"
"GATCGATGTAAAGTCA","TPC_3","4"
"GATCGATGTTATGTGC","TPC_2","1"
"GATCGATGTTGAGGTG","DCT_2","3"
"GATCGATTCCGTACAA","DCT_2","3"
"GATCGCGAGATGTGTA","TPC_3","4"
"GATCGCGAGCGATGAC","TPC_1","0"
"GATCGCGCAGTAAGAT","TPC_2","1"
"GATCGCGGTAAGAGGA","TPC_2","1"
"GATCGCGGTTTGACAC","TPC_1","0"
"GATCGCGTCACTATTC","TPC_3","4"
"GATCGCGTCCACGACG","Prolif.TPC","5"
"GATCGTAAGCCTTGAT","PEC-like_1","6"
"GATCGTAAGGAGTTTA","TPC_1","0"
"GATCGTACAACGCACC","PEC-like_2","7"
"GATCGTACAGGTCTCG","DCT_1","2"
"GATCGTAGTAAATGAC","TPC_3","4"
"GATCGTAGTTTGTGTG","TPC_2","1"
"GATCTAGCATAGACTC","DCT_1","2"
"GATCTAGGTCTAGTGT","TPC_3","4"
"GATCTAGTCTTTAGGG","TPC_2","1"
"GATGAAAAGGTAGCCA","Prolif.TPC","5"
"GATGAAACACAACTGT","TPC_3","4"
"GATGAAACATCCCACT","TPC_3","4"
"GATGAAATCCAAGTAC","TPC_1","0"
"GATGAGGAGGTAGCTG","DCT_2","3"
"GATGAGGCAGAGTGTG","DCT_2","3"
"GATGAGGCAGGCGATA","DCT_2","3"
"GATGAGGTCGCCAAAT","TPC_1","0"
"GATGCTACAAAGTGCG","TPC_1","0"
"GATGCTAGTTCACCTC","DCT_1","2"
"GATGCTATCAGAGCTT","TPC_1","0"
"GATGCTATCCGCTGTT","Prolif.TPC","5"
"GATTCAGAGATAGGAG","TPC_1","0"
"GATTCAGCAATCAGAA","DCT_1","2"
"GATTCAGCAATCGGTT","TPC_1","0"
"GATTCAGCACCCATTC","TPC_1","0"
"GATTCAGGTTACGTCA","Prolif.TPC","5"
"GCAAACTAGTACGTTC","DCT_2","3"
"GCAAACTCAGCAGTTT","TPC_2","1"
"GCAAACTCAGGCGATA","TPC_1","0"
"GCAAACTGTCGAAAGC","TPC_2","1"
"GCAAACTGTGCAGTAG","DCT_2","3"
"GCAAACTTCACCATAG","DCT_1","2"
"GCAAACTTCTCAAGTG","DCT_1","2"
"GCAAACTTCTGACCTC","TPC_3","4"
"GCAATCAAGCTATGCT","TPC_3","4"
"GCAATCAAGTAGATGT","TPC_2","1"
"GCAATCACAATGGAGC","DCT_2","3"
"GCAATCAGTTATCGGT","DCT_2","3"
"GCAATCATCGGCCGAT","Prolif.TPC","5"
"GCACATACACGCGAAA","TPC_3","4"
"GCACATACAGCATACT","DCT_1","2"
"GCACATACAGGGCATA","TPC_2","1"
"GCACATACATCCGGGT","DCT_2","3"
"GCACATACATCGTCGG","TPC_3","4"
"GCACATAGTAAATGTG","DCT_1","2"
"GCACATAGTCATACTG","DCT_1","2"
"GCACATATCGCCCTTA","TPC_3","4"
"GCACTCTAGGGCTTCC","TPC_2","1"
"GCACTCTCACATAACC","TPC_1","0"
"GCACTCTGTTCCACTC","TPC_2","1"
"GCACTCTTCTGTCTCG","DCT_1","2"
"GCAGCCAAGGGAACGG","DCT_2","3"
"GCAGCCACAACACGCC","TPC_1","0"
"GCAGCCAGTATATGAG","Prolif.TPC","5"
"GCAGCCAGTTACGACT","TPC_2","1"
"GCAGCCAGTTTGGCGC","Prolif.TPC","5"
"GCAGCCATCCGTACAA","DCT_2","3"
"GCAGCCATCTCCGGTT","PEC-like_1","6"
"GCAGTTAAGAAGGTTT","PEC-like_1","6"
"GCAGTTAAGGGAACGG","TPC_1","0"
"GCAGTTAAGTTAACGA","DCT_2","3"
"GCAGTTACATGTAAGA","TPC_1","0"
"GCAGTTAGTTCAGGCC","TPC_2","1"
"GCAGTTAGTTGCTCCT","TPC_2","1"
"GCATACAAGTAGATGT","PEC-like_1","6"
"GCATACACATCTCCCA","TPC_3","4"
"GCATACATCTGTCAAG","TPC_2","1"
"GCATGATAGTTAAGTG","Prolif.TPC","5"
"GCATGATAGTTGTAGA","TPC_2","1"
"GCATGATCAAGCCGCT","TPC_3","4"
"GCATGATCATCGGAAG","TPC_2","1"
"GCATGATGTACTTAGC","TPC_2","1"
"GCATGATGTCTTCTCG","DCT_1","2"
"GCATGATTCCAGAAGG","DCT_1","2"
"GCATGATTCCGATATG","DCT_2","3"
"GCATGCGAGATGGCGT","TPC_1","0"
"GCATGCGCATCCCACT","TPC_3","4"
"GCATGCGGTATATCCG","TPC_1","0"
"GCATGCGGTTACGGAG","TPC_3","4"
"GCATGTAAGTTTCCTT","TPC_1","0"
"GCATGTACAGACGCAA","TPC_1","0"
"GCATGTAGTCCGACGT","TPC_1","0"
"GCATGTATCTACTTAC","TPC_1","0"
"GCCAAATAGGACAGAA","TPC_2","1"
"GCCAAATGTCACTGGC","TPC_2","1"
"GCCAAATGTCATATCG","DCT_1","2"
"GCCAAATTCCCTAATT","Prolif.TPC","5"
"GCCAAATTCCTACAGA","TPC_2","1"
"GCCTCTAAGCCGGTAA","TPC_2","1"
"GCCTCTAAGCGTGTCC","DCT_2","3"
"GCCTCTAAGCTGCCCA","TPC_2","1"
"GCCTCTAGTCGGGTCT","DCT_1","2"
"GCCTCTAGTGAGTATA","DCT_1","2"
"GCCTCTAGTGTCTGAT","TPC_2","1"
"GCGACCAAGGAATGGA","TPC_1","0"
"GCGACCACAGACGCCT","PEC-like_2","7"
"GCGAGAACAATGGACG","DCT_2","3"
"GCGAGAACAGTATGCT","TPC_1","0"
"GCGAGAAGTACTCGCG","PEC-like_2","7"
"GCGAGAAGTCATATCG","Prolif.TPC","5"
"GCGAGAAGTCGCATAT","TPC_2","1"
"GCGAGAAGTCGTTGTA","TPC_3","4"
"GCGAGAATCGCCAGCA","TPC_2","1"
"GCGAGAATCGTACGGC","Prolif.TPC","5"
"GCGCAACCAACACCTA","TPC_2","1"
"GCGCAACCACTGCCAG","TPC_3","4"
"GCGCAACCATGTCTCC","TPC_1","0"
"GCGCAACGTAATCGTC","DCT_1","2"
"GCGCAACGTATTCTCT","DCT_2","3"
"GCGCAACGTGCCTGGT","TPC_1","0"
"GCGCAACGTGTTCGAT","DCT_2","3"
"GCGCAACTCGCCATAA","DCT_2","3"
"GCGCCAACATCTATGG","TPC_3","4"
"GCGCCAATCTAACCGA","TPC_2","1"
"GCGCGATAGCACCGTC","DCT_1","2"
"GCGCGATAGGATGGAA","TPC_1","0"
"GCGCGATAGGCAATTA","TPC_1","0"
"GCGCGATAGGCTAGCA","TPC_1","0"
"GCGCGATGTAAACCTC","TPC_3","4"
"GCGGGTTAGCTTTGGT","PEC-like_1","6"
"GCGGGTTCATGATCCA","DCT_2","3"
"GCTCCTACAATCCGAT","TPC_2","1"
"GCTCCTACACAGGAGT","DCT_2","3"
"GCTCCTAGTGTGGCTC","TPC_3","4"
"GCTCCTAGTTAGTGGG","TPC_3","4"
"GCTCCTATCTCGAGTA","Prolif.TPC","5"
"GCTCCTATCTTCGGTC","DCT_2","3"
"GCTCTGTCATGTTCCC","TPC_2","1"
"GCTCTGTTCACCCGAG","Prolif.TPC","5"
"GCTGCAGCAGGTCCAC","Prolif.TPC","5"
"GCTGCAGCATGACGGA","TPC_1","0"
"GCTGCAGCATTCGACA","TPC_2","1"
"GCTGCAGGTCAACATC","TPC_1","0"
"GCTGCAGGTGTGGTTT","DCT_2","3"
"GCTGCAGGTTCGCGAC","Prolif.TPC","5"
"GCTGCAGTCCAAAGTC","DCT_2","3"
"GCTGCAGTCCATTCTA","TPC_2","1"
"GCTGCAGTCCCTTGCA","TPC_1","0"
"GCTGCAGTCGTCTGAA","DCT_1","2"
"GCTGCAGTCTTTAGGG","TPC_3","4"
"GCTGCGAGTGCAGTAG","DCT_2","3"
"GCTGCGATCGGAAACG","DCT_2","3"
"GCTGCTTAGGATATAC","TPC_2","1"
"GCTGCTTAGTGGTAAT","DCT_1","2"
"GCTGCTTCAACTGCGC","DCT_2","3"
"GCTGCTTCAGGACGTA","TPC_1","0"
"GCTGCTTGTCACTGGC","Prolif.TPC","5"
"GCTGCTTGTCATGCCG","TPC_1","0"
"GCTGCTTGTCCATGAT","TPC_2","1"
"GCTGCTTGTCGCATCG","DCT_1","2"
"GCTGCTTGTCTTTCAT","TPC_1","0"
"GCTGCTTTCATGTAGC","DCT_1","2"
"GCTGGGTAGAGGGCTT","TPC_2","1"
"GCTGGGTAGGTCATCT","TPC_3","4"
"GCTGGGTTCAGGTTCA","Prolif.TPC","5"
"GCTTCCAAGAGGGCTT","DCT_2","3"
"GCTTCCAAGGTCGGAT","DCT_1","2"
"GCTTCCACAAGCGTAG","DCT_1","2"
"GCTTCCACACCTGGTG","DCT_1","2"
"GCTTCCAGTCATCGGC","TPC_3","4"
"GCTTCCATCGCCATAA","PEC-like_1","6"
"GCTTGAACACGGCGTT","TPC_1","0"
"GCTTGAACAGTACACT","TPC_1","0"
"GCTTGAAGTTACGACT","DCT_2","3"
"GCTTGAAGTTCACCTC","DCT_1","2"
"GCTTGAATCTAGCACA","TPC_2","1"
"GGAAAGCCACGTGAGA","TPC_1","0"
"GGAAAGCGTGGACGAT","TPC_3","4"
"GGAAAGCTCTTCAACT","TPC_2","1"
"GGAACTTAGCGTGAAC","Prolif.TPC","5"
"GGAACTTAGTCTCCTC","TPC_3","4"
"GGAACTTCAGGATTGG","TPC_3","4"
"GGAACTTTCACTTACT","Prolif.TPC","5"
"GGAATAAAGACAGACC","TPC_1","0"
"GGAATAAAGGGATACC","DCT_2","3"
"GGAATAACACGGCCAT","TPC_2","1"
"GGAATAACAGTACACT","DCT_1","2"
"GGAATAATCCCTAACC","DCT_1","2"
"GGAATAATCCTCAATT","DCT_1","2"
"GGAATAATCTGTTGAG","DCT_1","2"
"GGACAAGAGCAGGCTA","TPC_3","4"
"GGACAAGAGGCGACAT","TPC_2","1"
"GGACAAGAGGTGCTTT","DCT_1","2"
"GGACAAGTCCATGCTC","DCT_1","2"
"GGACAGAAGTTCGCGC","DCT_2","3"
"GGACAGACAAAGCGGT","TPC_2","1"
"GGACAGACATATACGC","TPC_2","1"
"GGACAGATCTCCCTGA","PEC-like_2","7"
"GGACAGATCTTACCTA","TPC_2","1"
"GGACATTAGCCGCCTA","DCT_1","2"
"GGACATTGTGCACGAA","TPC_1","0"
"GGACATTGTTGATTGC","DCT_2","3"
"GGACATTTCAGGCCCA","TPC_3","4"
"GGACGTCAGTGATCGG","DCT_1","2"
"GGACGTCAGTTACGGG","TPC_1","0"
"GGACGTCTCGCGATCG","DCT_1","2"
"GGAGCAAAGAACTCGG","Prolif.TPC","5"
"GGAGCAAAGTGGGCTA","TPC_2","1"
"GGAGCAACAAGGACAC","Prolif.TPC","5"
"GGAGCAACAATGACCT","DCT_2","3"
"GGAGCAACAGCGTAAG","DCT_1","2"
"GGAGCAATCAACCAAC","DCT_1","2"
"GGAGCAATCACAACGT","Prolif.TPC","5"
"GGAGCAATCAGCTCGG","TPC_1","0"
"GGAGCAATCATGTAGC","TPC_1","0"
"GGATGTTAGCGTGTCC","TPC_2","1"
"GGATGTTAGTCTTGCA","PEC-like_1","6"
"GGATGTTTCACCTCGT","DCT_1","2"
"GGATTACAGTCCGGTC","TPC_3","4"
"GGATTACCAATGCCAT","DCT_1","2"
"GGATTACCAGATCGGA","TPC_1","0"
"GGATTACGTAGCCTCG","TPC_1","0"
"GGATTACTCGGAAACG","Prolif.TPC","5"
"GGCAATTAGTACTTGC","DCT_2","3"
"GGCAATTAGTGAACGC","TPC_2","1"
"GGCAATTCAAGTAGTA","DCT_1","2"
"GGCAATTCATCTGGTA","Prolif.TPC","5"
"GGCAATTGTAGGCTGA","TPC_1","0"
"GGCCGATAGAGCTGCA","DCT_2","3"
"GGCCGATAGCGTTTAC","TPC_3","4"
"GGCCGATGTGCGATAG","TPC_1","0"
"GGCCGATTCCGTTGCT","TPC_1","0"
"GGCCGATTCGCGCCAA","Prolif.TPC","5"
"GGCGACTGTGTCGCTG","TPC_1","0"
"GGCGACTTCTGCGTAA","TPC_1","0"
"GGCGTGTAGTAACCCT","TPC_2","1"
"GGCGTGTCATTATCTC","TPC_2","1"
"GGCTCGAAGCACCGCT","TPC_1","0"
"GGCTCGAAGCTGTTCA","TPC_2","1"
"GGCTCGAAGGAGTTGC","PEC-like_2","7"
"GGCTCGACAATACGCT","DCT_1","2"
"GGCTCGATCCTCATTA","TPC_2","1"
"GGCTGGTCATGGGAAC","DCT_1","2"
"GGCTGGTGTCTCCCTA","TPC_1","0"
"GGCTGGTGTTATCGGT","TPC_3","4"
"GGGAATGCACAGACTT","TPC_1","0"
"GGGAATGCAGTCGTGC","DCT_2","3"
"GGGAATGCATAGTAAG","DCT_2","3"
"GGGAATGGTTGGGACA","Prolif.TPC","5"
"GGGACCTAGAAGCCCA","TPC_3","4"
"GGGACCTAGTGACTCT","TPC_1","0"
"GGGACCTCAATCTGCA","DCT_1","2"
"GGGACCTCACCCTATC","PEC-like_1","6"
"GGGACCTTCCGCATAA","DCT_1","2"
"GGGAGATAGGCTAGAC","TPC_3","4"
"GGGAGATGTCGTGGCT","Prolif.TPC","5"
"GGGAGATGTGTTGGGA","DCT_1","2"
"GGGAGATTCGTGGGAA","DCT_1","2"
"GGGAGATTCTTGTTTG","TPC_1","0"
"GGGATGACATGATCCA","TPC_1","0"
"GGGATGAGTCCCGACA","Prolif.TPC","5"
"GGGATGATCACCTCGT","TPC_1","0"
"GGGATGATCTTACCGC","TPC_2","1"
"GGGCACTCAACACGCC","TPC_2","1"
"GGGCATCAGCTCTCGG","PEC-like_1","6"
"GGGCATCAGGTGCTAG","Prolif.TPC","5"
"GGGCATCAGTAGGCCA","TPC_1","0"
"GGGCATCCATTTCACT","DCT_1","2"
"GGGCATCTCCTTGCCA","TPC_1","0"
"GGGCATCTCCTTGGTC","PEC-like_2","7"
"GGGTCTGAGAAGAAGC","DCT_1","2"
"GGGTCTGAGATGTAAC","TPC_2","1"
"GGGTCTGGTATGCTTG","TPC_2","1"
"GGGTCTGGTCATGCAT","DCT_2","3"
"GGGTCTGTCAGCTGGC","PEC-like_1","6"
"GGGTCTGTCCGAATGT","TPC_2","1"
"GGGTCTGTCCTCATTA","TPC_1","0"
"GGGTTGCAGTACGATA","Prolif.TPC","5"
"GGGTTGCAGTCCCACG","DCT_2","3"
"GGGTTGCTCCGCATAA","TPC_3","4"
"GGTATTGAGAAACCGC","Prolif.TPC","5"
"GGTATTGAGCGAAGGG","DCT_1","2"
"GGTATTGAGTGATCGG","TPC_3","4"
"GGTATTGAGTTCCACA","TPC_1","0"
"GGTATTGCACGGCCAT","TPC_3","4"
"GGTATTGTCACGGTTA","TPC_2","1"
"GGTATTGTCACTTACT","TPC_2","1"
"GGTATTGTCAGCTCTC","TPC_3","4"
"GGTGAAGAGTAGATGT","TPC_1","0"
"GGTGAAGCATCGATTG","TPC_1","0"
"GGTGAAGGTCATACTG","DCT_1","2"
"GGTGAAGTCGTACCGG","TPC_1","0"
"GGTGAAGTCTGCGACG","DCT_1","2"
"GGTGCGTAGGATATAC","TPC_3","4"
"GGTGCGTAGGTCATCT","TPC_1","0"
"GGTGCGTCAAGGTTTC","TPC_2","1"
"GGTGCGTGTCCGAATT","TPC_2","1"
"GGTGCGTTCTTGACGA","TPC_1","0"
"GGTGTTACAAATACAG","DCT_1","2"
"GGTGTTACAGTTTACG","Prolif.TPC","5"
"GGTGTTATCAAGGCTT","DCT_1","2"
"GGTGTTATCGCAAACT","TPC_1","0"
"GTAACGTAGATGGCGT","TPC_2","1"
"GTAACGTAGGGATGGG","Prolif.TPC","5"
"GTAACGTAGGTTACCT","PEC-like_2","7"
"GTAACGTGTATAAACG","DCT_1","2"
"GTAACGTTCTGGCGTG","TPC_3","4"
"GTAACTGCAGGTCTCG","TPC_2","1"
"GTAACTGTCTGGTGTA","DCT_2","3"
"GTACGTAAGTGCGTGA","DCT_1","2"
"GTACGTACAATTCCTT","Prolif.TPC","5"
"GTACGTAGTACACCGC","TPC_3","4"
"GTACGTAGTCCATGAT","TPC_2","1"
"GTACGTAGTTACGCGC","TPC_2","1"
"GTACGTAGTTCAGTAC","TPC_3","4"
"GTACGTAGTTCTGAAC","DCT_1","2"
"GTACGTATCATTGCCC","PEC-like_1","6"
"GTACGTATCCACTGGG","TPC_1","0"
"GTACTCCAGAAACCTA","TPC_2","1"
"GTACTCCAGGATGCGT","TPC_2","1"
"GTACTCCAGGGCACTA","TPC_3","4"
"GTACTCCCAAGAGTCG","TPC_1","0"
"GTACTCCCACATGGGA","TPC_1","0"
"GTACTCCCAGCTGTGC","DCT_1","2"
"GTACTCCGTGCGGTAA","DCT_1","2"
"GTACTCCGTGTAAGTA","DCT_1","2"
"GTACTCCTCACGCATA","DCT_2","3"
"GTACTCCTCATTATCC","TPC_2","1"
"GTACTCCTCCTTTCGG","DCT_2","3"
"GTACTCCTCTGTCAAG","TPC_2","1"
"GTACTTTAGATAGCAT","DCT_1","2"
"GTACTTTGTACCTACA","Prolif.TPC","5"
"GTACTTTGTCCAAGTT","DCT_1","2"
"GTACTTTGTCGCGGTT","TPC_2","1"
"GTACTTTTCCTTTACA","DCT_2","3"
"GTAGGCCAGGTAAACT","DCT_2","3"
"GTAGGCCAGTACCGGA","Prolif.TPC","5"
"GTAGGCCAGTGGGTTG","TPC_2","1"
"GTAGGCCCACAGAGGT","DCT_1","2"
"GTAGGCCCATTTGCCC","DCT_1","2"
"GTAGGCCCATTTGCTT","PEC-like_2","7"
"GTAGGCCGTTAAAGAC","PEC-like_2","7"
"GTAGGCCGTTACCAGT","Prolif.TPC","5"
"GTAGGCCTCAGCTGGC","TPC_2","1"
"GTAGGCCTCCAGGGCT","TPC_1","0"
"GTAGGCCTCGCAGGCT","DCT_1","2"
"GTAGGCCTCGCTTGTC","TPC_1","0"
"GTAGTCACACATGTGT","DCT_1","2"
"GTAGTCAGTAGGGTAC","DCT_1","2"
"GTAGTCATCATTTGGG","PEC-like_1","6"
"GTAGTCATCTGACCTC","DCT_1","2"
"GTATCTTAGAAGGCCT","DCT_2","3"
"GTATTCTCAAGCGTAG","Prolif.TPC","5"
"GTATTCTCAATTGCTG","TPC_1","0"
"GTATTCTCAGCTGCTG","TPC_1","0"
"GTATTCTCATTACGAC","PEC-like_1","6"
"GTATTCTGTTGATTCG","PEC-like_2","7"
"GTCAAGTAGGACACCA","TPC_2","1"
"GTCAAGTAGTGTCTCA","Prolif.TPC","5"
"GTCAAGTCAATGGATA","DCT_1","2"
"GTCAAGTCATCAGTAC","DCT_1","2"
"GTCAAGTGTGATGATA","TPC_1","0"
"GTCAAGTGTGTGTGCC","DCT_2","3"
"GTCACAAAGGACGAAA","TPC_3","4"
"GTCACAAAGTTAGGTA","TPC_2","1"
"GTCACAACAACACGCC","TPC_3","4"
"GTCACAACACGGCTAC","DCT_1","2"
"GTCACAACACTTCGAA","TPC_2","1"
"GTCACAACATATGCTG","TPC_1","0"
"GTCACAATCTGATACG","TPC_2","1"
"GTCACGGAGAGTAATC","TPC_1","0"
"GTCACGGAGTGGTCCC","TPC_1","0"
"GTCACGGCAAGGACTG","DCT_2","3"
"GTCACGGGTCTTCTCG","TPC_1","0"
"GTCACGGGTTCGTGAT","TPC_2","1"
"GTCATTTCAAATTGCC","TPC_1","0"
"GTCATTTCAACACCCG","TPC_2","1"
"GTCATTTCATCGGGTC","DCT_1","2"
"GTCATTTGTCCGTGAC","TPC_1","0"
"GTCATTTTCTCGCATC","Prolif.TPC","5"
"GTCCTCAAGCGACGTA","TPC_1","0"
"GTCCTCACAGCTGGCT","PEC-like_2","7"
"GTCCTCACAGTGGGAT","TPC_3","4"
"GTCCTCACATCAGTAC","TPC_2","1"
"GTCCTCAGTGTATGGG","TPC_1","0"
"GTCCTCAGTTGATTCG","TPC_1","0"
"GTCCTCATCGTCACGG","DCT_1","2"
"GTCGGGTAGAGTAAGG","TPC_1","0"
"GTCGGGTAGCAATATG","TPC_1","0"
"GTCGGGTCAAGGCTCC","DCT_2","3"
"GTCGGGTGTAAGTAGT","DCT_1","2"
"GTCGGGTGTCTAGCCG","TPC_2","1"
"GTCGGGTGTTAAAGAC","Prolif.TPC","5"
"GTCGTAAAGTTGAGTA","TPC_2","1"
"GTCGTAACAAATTGCC","TPC_2","1"
"GTCGTAACAGAGTGTG","TPC_2","1"
"GTCGTAAGTCTCCCTA","DCT_2","3"
"GTCGTAATCCACGAAT","TPC_2","1"
"GTCGTAATCTGAGGGA","TPC_2","1"
"GTCTCGTTCGGCGCAT","TPC_3","4"
"GTCTTCGAGACTAGGC","TPC_1","0"
"GTCTTCGAGGCTCAGA","TPC_1","0"
"GTCTTCGCATGGTTGT","Prolif.TPC","5"
"GTCTTCGTCGTTTATC","DCT_1","2"
"GTGAAGGAGATGTTAG","TPC_2","1"
"GTGAAGGAGTCGATAA","TPC_1","0"
"GTGAAGGAGTGTGGCA","PEC-like_1","6"
"GTGAAGGCAACGCACC","DCT_1","2"
"GTGAAGGCATTGAGCT","TPC_3","4"
"GTGAAGGTCATCTGTT","TPC_2","1"
"GTGAAGGTCGCTTGTC","TPC_1","0"
"GTGAAGGTCTTCATGT","Prolif.TPC","5"
"GTGCAGCAGTACATGA","Prolif.TPC","5"
"GTGCAGCCAGGTCGTC","Prolif.TPC","5"
"GTGCATACAGACGTAG","DCT_2","3"
"GTGCATACATCCGGGT","TPC_1","0"
"GTGCATATCACAATGC","TPC_3","4"
"GTGCATATCCCGGATG","DCT_2","3"
"GTGCGGTAGGCCCGTT","DCT_1","2"
"GTGCGGTGTCGAACAG","PEC-like_1","6"
"GTGCGGTTCTGCTTGC","TPC_2","1"
"GTGCTTCAGCTCTCGG","TPC_3","4"
"GTGCTTCCACCCATGG","TPC_3","4"
"GTGCTTCGTCCGTGAC","PEC-like_2","7"
"GTGCTTCTCAGCGATT","PEC-like_2","7"
"GTGGGTCCATCCCACT","PEC-like_1","6"
"GTGGGTCTCAACGAAA","TPC_2","1"
"GTGGGTCTCAAGCCTA","TPC_3","4"
"GTGGGTCTCGCTGATA","TPC_1","0"
"GTGTGCGAGATAGCAT","DCT_1","2"
"GTGTGCGAGCCGGTAA","TPC_2","1"
"GTGTGCGAGCGTCAAG","TPC_3","4"
"GTGTGCGTCTCAAGTG","PEC-like_1","6"
"GTGTGCGTCTCGTATT","DCT_2","3"
"GTGTTAGAGATATGCA","TPC_1","0"
"GTGTTAGGTAGCGTCC","DCT_2","3"
"GTGTTAGGTGACAAAT","TPC_1","0"
"GTGTTAGTCTGTCCGT","DCT_2","3"
"GTTAAGCAGAACAATC","DCT_1","2"
"GTTAAGCAGAAGGACA","Prolif.TPC","5"
"GTTAAGCAGAGGGATA","DCT_1","2"
"GTTAAGCAGATGCGAC","TPC_3","4"
"GTTAAGCTCAACGAAA","Prolif.TPC","5"
"GTTAAGCTCCGAACGC","DCT_2","3"
"GTTACAGAGCCGTCGT","TPC_3","4"
"GTTACAGCAATCAGAA","DCT_2","3"
"GTTACAGGTACAGTTC","TPC_2","1"
"GTTACAGTCAGAGACG","TPC_2","1"
"GTTCATTCACACTGCG","TPC_1","0"
"GTTCATTCATTCACTT","TPC_1","0"
"GTTCATTGTAGCGATG","TPC_3","4"
"GTTCATTGTTACCAGT","Prolif.TPC","5"
"GTTCATTGTTCAGACT","TPC_3","4"
"GTTCATTTCCGGCACA","TPC_2","1"
"GTTCGGGAGCACAGGT","DCT_1","2"
"GTTCGGGCAAGCGAGT","TPC_1","0"
"GTTCGGGCATCCAACA","TPC_2","1"
"GTTCGGGCATTCCTGC","TPC_1","0"
"GTTCGGGGTGCGCTTG","PEC-like_2","7"
"GTTCGGGGTTATGTGC","DCT_1","2"
"GTTCGGGGTTGTGGAG","PEC-like_1","6"
"GTTCGGGTCAGCGATT","TPC_2","1"
"GTTCGGGTCCTTGGTC","TPC_1","0"
"GTTCTCGAGCCAGGAT","TPC_2","1"
"GTTCTCGAGCTGATAA","DCT_2","3"
"GTTCTCGGTGCCTTGG","PEC-like_1","6"
"GTTTCTATCTGGGCCA","DCT_2","3"
"TAAACCGAGTGATCGG","Prolif.TPC","5"
"TAAACCGGTGTGGTTT","TPC_2","1"
"TAAACCGGTTGATTCG","Prolif.TPC","5"
"TAAACCGTCGACCAGC","TPC_1","0"
"TAAACCGTCGGCATCG","TPC_1","0"
"TAAGAGAAGCAAATCA","Prolif.TPC","5"
"TAAGAGAAGTCTCAAC","TPC_2","1"
"TAAGAGAAGTTGTAGA","DCT_2","3"
"TAAGAGACAGTTCATG","TPC_3","4"
"TAAGCGTAGGAGTCTG","PEC-like_1","6"
"TAAGCGTGTGTCCTCT","TPC_1","0"
"TAAGCGTTCTGATACG","TPC_1","0"
"TAAGCGTTCTGGTTCC","TPC_1","0"
"TAAGTGCCACCAGGCT","DCT_1","2"
"TAAGTGCCATGCCTTC","PEC-like_1","6"
"TAAGTGCGTAAGGGAA","TPC_1","0"
"TAAGTGCTCAAGCCTA","TPC_2","1"
"TAAGTGCTCGGATGGA","TPC_2","1"
"TACACGAAGACGACGT","Prolif.TPC","5"
"TACACGACACCGGAAA","DCT_2","3"
"TACACGACATGTCTCC","TPC_2","1"
"TACACGATCCAACCAA","TPC_3","4"
"TACACGATCGGCGCTA","Prolif.TPC","5"
"TACAGTGCAAGAGGCT","TPC_3","4"
"TACAGTGGTATATGGA","TPC_1","0"
"TACAGTGGTGGACGAT","TPC_2","1"
"TACCTATCAGGACCCT","DCT_1","2"
"TACCTATGTATCTGCA","TPC_1","0"
"TACCTTAAGTAATCCC","TPC_1","0"
"TACCTTACAGCTCGAC","TPC_3","4"
"TACGGATAGATCTGCT","TPC_1","0"
"TACGGATAGGACTGGT","Prolif.TPC","5"
"TACGGATCAGGGTTAG","TPC_1","0"
"TACGGGCAGAACAACT","TPC_1","0"
"TACGGGCAGCCGTCGT","Prolif.TPC","5"
"TACGGGCAGTCCATAC","TPC_3","4"
"TACGGGCCAATAGCAA","TPC_2","1"
"TACGGGCTCGACCAGC","Prolif.TPC","5"
"TACGGTACAAGCCCAC","TPC_2","1"
"TACGGTACATTTCAGG","TPC_1","0"
"TACGGTAGTCTCTCGT","TPC_1","0"
"TACTCATAGACGCAAC","DCT_1","2"
"TACTCATAGCAACGGT","TPC_2","1"
"TACTCATAGTGCGTGA","TPC_1","0"
"TACTCATCAGGCGATA","TPC_1","0"
"TACTCGCAGAGCTGGT","PEC-like_1","6"
"TACTCGCAGCAGGCTA","DCT_2","3"
"TACTCGCAGGTGCAAC","DCT_1","2"
"TACTCGCCACACATGT","PEC-like_1","6"
"TACTCGCGTCGTTGTA","TPC_3","4"
"TACTCGCGTGGTTTCA","DCT_1","2"
"TACTTACAGTCAATAG","TPC_2","1"
"TACTTACCAATGAAAC","DCT_2","3"
"TACTTACCATATGGTC","TPC_2","1"
"TACTTACGTAACGCGA","PEC-like_1","6"
"TACTTACTCATAGCAC","TPC_3","4"
"TACTTACTCCGAATGT","DCT_1","2"
"TACTTACTCGTGGACC","TPC_2","1"
"TACTTACTCTGGGCCA","TPC_2","1"
"TACTTGTAGACAGGCT","TPC_2","1"
"TACTTGTAGACCACGA","TPC_2","1"
"TACTTGTAGCTGATAA","TPC_1","0"
"TACTTGTGTAAGGGAA","Prolif.TPC","5"
"TACTTGTGTTTGGGCC","TPC_3","4"
"TACTTGTTCAGCTTAG","PEC-like_1","6"
"TACTTGTTCATCACCC","PEC-like_1","6"
"TACTTGTTCCGTTGCT","Prolif.TPC","5"
"TAGACCACACGTGAGA","TPC_1","0"
"TAGACCACACTACAGT","TPC_1","0"
"TAGACCACAGCGTAAG","TPC_2","1"
"TAGACCAGTAGCTAAA","TPC_2","1"
"TAGACCATCGCTAGCG","TPC_1","0"
"TAGACCATCGTCACGG","TPC_2","1"
"TAGACCATCTAACCGA","TPC_1","0"
"TAGAGCTCACTTCGAA","TPC_2","1"
"TAGAGCTTCTACTTAC","DCT_1","2"
"TAGCCGGAGATGTCGG","DCT_1","2"
"TAGCCGGAGGAGTACC","TPC_1","0"
"TAGCCGGCAATAAGCA","TPC_1","0"
"TAGCCGGCATCACGTA","DCT_1","2"
"TAGCCGGGTGGTTTCA","TPC_3","4"
"TAGCCGGTCATGCAAC","TPC_1","0"
"TAGGCATAGTATTGGA","TPC_1","0"
"TAGGCATAGTCAAGCG","Prolif.TPC","5"
"TAGGCATGTCGTCTTC","TPC_1","0"
"TAGGCATGTGGTTTCA","TPC_1","0"
"TAGGCATTCTCGCTTG","DCT_2","3"
"TAGGCATTCTGACCTC","DCT_1","2"
"TAGTGGTAGAAACCGC","Prolif.TPC","5"
"TAGTGGTAGACGCACA","PEC-like_2","7"
"TAGTGGTAGGATGCGT","DCT_1","2"
"TAGTGGTCACCAGTTA","TPC_3","4"
"TAGTGGTCAGCGTAAG","Prolif.TPC","5"
"TAGTGGTCATCGATTG","TPC_1","0"
"TAGTTGGAGCAGACTG","DCT_2","3"
"TAGTTGGCAACACGCC","TPC_1","0"
"TAGTTGGTCAGATAAG","TPC_2","1"
"TATCAGGCAAGAGGCT","TPC_1","0"
"TATCAGGCAAGGACTG","TPC_2","1"
"TATCAGGTCTAACCGA","DCT_1","2"
"TATCTCAAGACAAAGG","TPC_1","0"
"TATCTCAAGAGGGCTT","DCT_1","2"
"TATCTCAAGAGTGAGA","TPC_1","0"
"TATCTCAAGCCAACAG","TPC_3","4"
"TATCTCAAGCTACCGC","TPC_1","0"
"TATCTCATCACCACCT","TPC_2","1"
"TATCTCATCATGTCCC","TPC_2","1"
"TATCTCATCTTAGAGC","DCT_2","3"
"TATGCCCAGAAGGTGA","Prolif.TPC","5"
"TATGCCCAGATGAGAG","DCT_1","2"
"TATGCCCAGCTCCCAG","TPC_1","0"
"TATGCCCAGGCCGAAT","TPC_1","0"
"TATGCCCCACAGGTTT","DCT_1","2"
"TATGCCCGTCTGATCA","TPC_1","0"
"TATGCCCTCAACGGGA","TPC_1","0"
"TATGCCCTCACTCCTG","PEC-like_1","6"
"TATGCCCTCCAACCAA","DCT_1","2"
"TATGCCCTCGATCCCT","Prolif.TPC","5"
"TATTACCCACCACGTG","DCT_1","2"
"TATTACCGTCCAGTAT","TPC_2","1"
"TATTACCTCAGCGATT","TPC_1","0"
"TCAACGAAGACTGTAA","TPC_1","0"
"TCAACGAAGAGCTTCT","DCT_2","3"
"TCAACGAAGTGCCAGA","TPC_2","1"
"TCAACGAGTGTGACGA","DCT_1","2"
"TCAATCTAGGACTGGT","TPC_1","0"
"TCAATCTAGGGTCTCC","TPC_1","0"
"TCAATCTCAGGATTGG","PEC-like_2","7"
"TCAATCTTCTTCATGT","DCT_2","3"
"TCACAAGCAAGACACG","TPC_1","0"
"TCACAAGGTCCAAGTT","TPC_2","1"
"TCACAAGGTCTTCGTC","TPC_3","4"
"TCACAAGGTTCATGGT","TPC_2","1"
"TCACAAGTCAGCTCGG","DCT_1","2"
"TCACAAGTCCAAGCCG","PEC-like_2","7"
"TCACGAAAGTACGCCC","DCT_2","3"
"TCACGAAAGTAGCCGA","DCT_1","2"
"TCACGAAAGTCCTCCT","DCT_1","2"
"TCACGAATCAACGGGA","TPC_3","4"
"TCACGAATCCGAACGC","TPC_2","1"
"TCACGAATCCTGCTTG","DCT_1","2"
"TCAGATGCAAGTACCT","TPC_2","1"
"TCAGATGGTACCAGTT","TPC_1","0"
"TCAGCAACAAATTGCC","DCT_1","2"
"TCAGCAAGTAAGTGGC","TPC_2","1"
"TCAGCAAGTCCCTTGT","DCT_1","2"
"TCAGCAATCATAAAGG","TPC_1","0"
"TCAGCAATCGAATCCA","TPC_2","1"
"TCAGCAATCGTACCGG","DCT_2","3"
"TCAGCAATCTCGGACG","DCT_2","3"
"TCAGCAATCTTGAGAC","DCT_2","3"
"TCAGCTCCAATGGTCT","TPC_3","4"
"TCAGCTCCAGCTCGAC","TPC_2","1"
"TCAGCTCGTCTCTTAT","TPC_1","0"
"TCAGCTCTCCTCAACC","TPC_1","0"
"TCAGGATAGACTGTAA","TPC_3","4"
"TCAGGATGTACTCTCC","DCT_1","2"
"TCAGGATGTCGCTTTC","TPC_2","1"
"TCAGGATTCAACGAAA","DCT_2","3"
"TCAGGATTCTGGGCCA","DCT_1","2"
"TCAGGTACAACTGCTA","Prolif.TPC","5"
"TCAGGTACAGATGGCA","TPC_3","4"
"TCAGGTAGTCATCGGC","TPC_2","1"
"TCAGGTAGTGCAGGTA","Prolif.TPC","5"
"TCAGGTAGTGTTGGGA","Prolif.TPC","5"
"TCAGGTATCACGGTTA","DCT_1","2"
"TCAGGTATCTACTCAT","PEC-like_1","6"
"TCATTACAGTGAAGTT","DCT_2","3"
"TCATTACGTTAAGTAG","DCT_1","2"
"TCATTACTCCGTCATC","TPC_1","0"
"TCATTTGAGGAGCGAG","TPC_2","1"
"TCATTTGCAGGTCGTC","TPC_2","1"
"TCATTTGCATCTCCCA","TPC_2","1"
"TCATTTGGTAACGACG","Prolif.TPC","5"
"TCATTTGGTACCGGCT","TPC_2","1"
"TCATTTGTCTACCTGC","DCT_2","3"
"TCCACACAGTCCCACG","TPC_3","4"
"TCCACACCATCCGTGG","TPC_1","0"
"TCCACACGTAACGCGA","DCT_2","3"
"TCCACACGTATAATGG","TPC_1","0"
"TCCACACGTCTACCTC","DCT_2","3"
"TCCACACGTGAAAGAG","Prolif.TPC","5"
"TCCACACTCCTCAACC","TPC_1","0"
"TCCCGATCATCGGGTC","TPC_1","0"
"TCCCGATCATGCCCGA","Prolif.TPC","5"
"TCCCGATGTGATAAGT","TPC_1","0"
"TCCCGATGTTTAGGAA","TPC_3","4"
"TCGAGGCAGAGTCGGT","TPC_2","1"
"TCGAGGCAGCCGTCGT","Prolif.TPC","5"
"TCGAGGCCACGCGAAA","DCT_1","2"
"TCGAGGCGTATCAGTC","DCT_2","3"
"TCGAGGCGTGGACGAT","DCT_2","3"
"TCGAGGCTCGTGACAT","TPC_3","4"
"TCGAGGCTCTACTTAC","Prolif.TPC","5"
"TCGAGGCTCTGCTGCT","TPC_1","0"
"TCGCGAGAGGCGATAC","TPC_2","1"
"TCGCGAGCAAGCTGTT","DCT_2","3"
"TCGCGAGCAATAACGA","TPC_2","1"
"TCGCGAGCATCCGTGG","Prolif.TPC","5"
"TCGCGAGGTCCGAAGA","DCT_1","2"
"TCGCGAGGTTACGACT","TPC_1","0"
"TCGCGAGTCACTCCTG","TPC_3","4"
"TCGCGTTAGCGTCAAG","DCT_2","3"
"TCGCGTTCAGGTCGTC","DCT_1","2"
"TCGCGTTTCACAACGT","DCT_1","2"
"TCGCGTTTCAGGCCCA","TPC_2","1"
"TCGCGTTTCCTATGTT","DCT_1","2"
"TCGCGTTTCGTGGACC","TPC_2","1"
"TCGGGACAGTTAACGA","TPC_3","4"
"TCGGGACCAGTGAGTG","TPC_1","0"
"TCGGGACGTGCTCTTC","DCT_2","3"
"TCGGTAAAGTGGGATC","DCT_1","2"
"TCGGTAACAAGTCTGT","DCT_1","2"
"TCGGTAAGTACCGCTG","TPC_2","1"
"TCGGTAAGTAGCGTGA","DCT_2","3"
"TCGGTAATCTGGTATG","TPC_2","1"
"TCGTACCCATGGTAGG","TPC_1","0"
"TCGTACCGTCCAGTGC","DCT_1","2"
"TCGTACCTCAACGGGA","TPC_2","1"
"TCGTACCTCTCCAACC","TPC_1","0"
"TCGTAGAAGCTACCTA","TPC_1","0"
"TCGTAGACAGGGTACA","DCT_2","3"
"TCGTAGATCACCCTCA","TPC_1","0"
"TCGTAGATCATCTGTT","TPC_1","0"
"TCGTAGATCGTCCGTT","DCT_2","3"
"TCGTAGATCTCTGCTG","TPC_2","1"
"TCGTAGATCTGTTGAG","TPC_1","0"
"TCTATTGAGGTGATTA","TPC_1","0"
"TCTATTGCAAAGCAAT","DCT_2","3"
"TCTATTGCAATCGAAA","TPC_2","1"
"TCTCATAAGTTGCAGG","DCT_1","2"
"TCTCATACAAGTACCT","TPC_1","0"
"TCTCATACATACTCTT","TPC_1","0"
"TCTCATAGTTGCGTTA","TPC_1","0"
"TCTCATAGTTTCCACC","TPC_3","4"
"TCTCATATCAACACCA","TPC_1","0"
"TCTCATATCCAAATGC","TPC_1","0"
"TCTCTAAAGACCACGA","TPC_3","4"
"TCTCTAAGTCTCTCGT","Prolif.TPC","5"
"TCTCTAAGTCTTGTCC","TPC_1","0"
"TCTCTAAGTGGCGAAT","DCT_1","2"
"TCTCTAAGTTTGGGCC","TPC_3","4"
"TCTCTAATCGTGGACC","DCT_1","2"
"TCTCTAATCTCTTATG","Prolif.TPC","5"
"TCTGAGACAAACGCGA","DCT_1","2"
"TCTGAGAGTCTCAACA","Prolif.TPC","5"
"TCTGAGAGTGGACGAT","TPC_1","0"
"TCTGAGATCCAACCAA","PEC-like_1","6"
"TCTGAGATCGGAAACG","TPC_1","0"
"TCTGAGATCTAGCACA","Prolif.TPC","5"
"TCTGGAAAGAGTGACC","TPC_1","0"
"TCTGGAACATCCGTGG","PEC-like_1","6"
"TCTGGAAGTCCATGAT","TPC_3","4"
"TCTTCGGAGTGTCCAT","TPC_1","0"
"TCTTCGGTCAGAGCTT","DCT_2","3"
"TCTTCGGTCCTCAATT","DCT_1","2"
"TCTTCGGTCTACCAGA","TPC_2","1"
"TCTTTCCGTAATCGTC","TPC_3","4"
"TCTTTCCGTGGACGAT","DCT_1","2"
"TCTTTCCTCAGGTTCA","DCT_2","3"
"TCTTTCCTCCTTAATC","TPC_1","0"
"TCTTTCCTCTGTCTCG","PEC-like_1","6"
"TCTTTCCTCTTGAGGT","TPC_2","1"
"TGAAAGAAGTCCATAC","TPC_2","1"
"TGAAAGACAATAGAGT","TPC_2","1"
"TGAAAGACACATCTTT","TPC_1","0"
"TGAAAGAGTTTCCACC","TPC_2","1"
"TGAAAGATCAAACCGT","TPC_1","0"
"TGAAAGATCCAAACAC","TPC_3","4"
"TGAAAGATCTGGCGTG","TPC_3","4"
"TGACAACAGTGTCCAT","DCT_1","2"
"TGACAACCACGAGAGT","TPC_1","0"
"TGACAACCACTTCTGC","TPC_2","1"
"TGACAACGTCATGCCG","TPC_2","1"
"TGACAACTCATCGCTC","DCT_2","3"
"TGACGGCCAATCCAAC","TPC_2","1"
"TGACGGCCACGAAAGC","DCT_1","2"
"TGACGGCCATGAGCGA","TPC_2","1"
"TGACGGCGTCTGATCA","DCT_1","2"
"TGACGGCGTCTTGATG","PEC-like_1","6"
"TGACGGCGTTCAGACT","TPC_1","0"
"TGACGGCTCACTGGGC","TPC_1","0"
"TGACTAGAGATCGATA","TPC_1","0"
"TGACTAGAGCTCCTTC","PEC-like_1","6"
"TGACTAGAGTATGACA","DCT_1","2"
"TGACTAGAGTTGAGAT","DCT_1","2"
"TGACTAGGTCACCCAG","Prolif.TPC","5"
"TGACTAGGTCGTTGTA","PEC-like_1","6"
"TGACTAGTCAGGTAAA","TPC_1","0"
"TGACTAGTCCCAAGAT","DCT_2","3"
"TGACTAGTCGTCTGCT","Prolif.TPC","5"
"TGACTTTAGTGGAGAA","DCT_2","3"
"TGACTTTCAGTATCTG","DCT_1","2"
"TGACTTTCATGCCACG","DCT_2","3"
"TGACTTTGTCGAGTTT","DCT_1","2"
"TGACTTTGTGTTCTTT","TPC_2","1"
"TGACTTTTCCAATGGT","TPC_2","1"
"TGAGAGGCAAACTGCT","TPC_3","4"
"TGAGAGGCACACATGT","TPC_3","4"
"TGAGAGGGTATGGTTC","DCT_1","2"
"TGAGAGGGTTCCACTC","TPC_1","0"
"TGAGAGGTCTGCTGCT","TPC_1","0"
"TGAGCATCAGTGGGAT","Prolif.TPC","5"
"TGAGCATGTGCTTCTC","TPC_1","0"
"TGAGCATTCAATAAGG","DCT_1","2"
"TGAGCATTCGAGAGCA","TPC_1","0"
"TGAGCATTCGGCGCTA","DCT_1","2"
"TGAGCCGAGAAGGTTT","TPC_2","1"
"TGAGCCGAGCCGTCGT","TPC_2","1"
"TGAGCCGCAATGGAAT","TPC_3","4"
"TGAGCCGCATTCTCAT","Prolif.TPC","5"
"TGAGCCGGTACCGTAT","TPC_2","1"
"TGAGCCGGTTGTACAC","DCT_1","2"
"TGAGGGAAGCTACCTA","DCT_1","2"
"TGAGGGAAGGATATAC","DCT_1","2"
"TGAGGGACACAGGAGT","TPC_1","0"
"TGAGGGATCTTAACCT","TPC_1","0"
"TGATTTCCAAGCCATT","DCT_1","2"
"TGATTTCCAGGAATGC","TPC_2","1"
"TGATTTCGTAGAGTGC","PEC-like_1","6"
"TGATTTCTCTTCAACT","TPC_2","1"
"TGCACCTAGTAGCGGT","TPC_3","4"
"TGCACCTCAAGCCGCT","TPC_3","4"
"TGCACCTCAATAAGCA","DCT_1","2"
"TGCACCTCACCTATCC","TPC_1","0"
"TGCACCTCAGAGTGTG","DCT_1","2"
"TGCACCTTCTCGAGTA","TPC_2","1"
"TGCACCTTCTGCTTGC","DCT_1","2"
"TGCCAAAAGCGCTCCA","DCT_1","2"
"TGCCAAAAGCGTCAAG","DCT_2","3"
"TGCCAAAAGGTACTCT","Prolif.TPC","5"
"TGCCAAACAATAGCAA","TPC_1","0"
"TGCCCATAGGTGTTAA","TPC_1","0"
"TGCCCTAAGCCGGTAA","DCT_2","3"
"TGCCCTACATGCCCGA","TPC_2","1"
"TGCCCTATCAACTCTT","DCT_1","2"
"TGCGCAGAGAATTGTG","TPC_2","1"
"TGCGCAGAGCTGCGAA","TPC_1","0"
"TGCGCAGCAGTACACT","TPC_1","0"
"TGCGCAGGTGACAAAT","DCT_1","2"
"TGCGCAGGTTCGTGAT","DCT_2","3"
"TGCGGGTTCAGGCGAA","DCT_1","2"
"TGCGGGTTCTTGAGAC","PEC-like_1","6"
"TGCGTGGAGCGTTGCC","TPC_1","0"
"TGCGTGGTCCCGGATG","TPC_2","1"
"TGCTACCAGAGTGACC","Prolif.TPC","5"
"TGCTACCAGCCACCTG","TPC_1","0"
"TGCTACCAGCGAGAAA","TPC_3","4"
"TGCTACCCAATCTGCA","DCT_1","2"
"TGCTACCCAATGGACG","PEC-like_2","7"
"TGCTACCCATGCCTTC","TPC_1","0"
"TGCTACCGTAGTACCT","Prolif.TPC","5"
"TGCTACCTCGATCCCT","TPC_1","0"
"TGCTACCTCGTGGTCG","TPC_1","0"
"TGCTGCTAGCCACGTC","Prolif.TPC","5"
"TGCTGCTAGGATGGTC","DCT_1","2"
"TGCTGCTCAACGATCT","TPC_1","0"
"TGCTGCTCAATGGAAT","TPC_2","1"
"TGCTGCTCACCGAAAG","TPC_3","4"
"TGCTGCTCACGAAATA","TPC_2","1"
"TGCTGCTGTACGCTGC","TPC_3","4"
"TGCTGCTGTCGGCTCA","TPC_1","0"
"TGCTGCTGTTCGTTGA","TPC_1","0"
"TGCTGCTTCAACGCTA","DCT_1","2"
"TGGACGCAGCTGCCCA","TPC_3","4"
"TGGACGCAGCTGTCTA","DCT_1","2"
"TGGACGCCACGACTCG","TPC_2","1"
"TGGACGCGTAAGGGAA","Prolif.TPC","5"
"TGGACGCGTATAGGGC","Prolif.TPC","5"
"TGGCCAGCAGACGCAA","DCT_1","2"
"TGGCCAGCATTGAGCT","PEC-like_2","7"
"TGGCCAGGTAGCTCCG","TPC_1","0"
"TGGCCAGGTCAATACC","TPC_1","0"
"TGGCCAGGTCCGAAGA","TPC_2","1"
"TGGCCAGGTCGAATCT","TPC_2","1"
"TGGCCAGGTGACTCAT","TPC_2","1"
"TGGCCAGTCACTTACT","DCT_1","2"
"TGGCCAGTCGGCTTGG","Prolif.TPC","5"
"TGGCCAGTCTCGCTTG","DCT_1","2"
"TGGCGCAAGCCACCTG","TPC_2","1"
"TGGCGCAAGCGATCCC","TPC_1","0"
"TGGCGCAAGCTTATCG","Prolif.TPC","5"
"TGGCGCAAGTGTACTC","DCT_1","2"
"TGGCGCACACAAGTAA","TPC_1","0"
"TGGCGCAGTAAGAGGA","TPC_2","1"
"TGGCTGGAGTGCGATG","TPC_1","0"
"TGGCTGGCATGGATGG","TPC_1","0"
"TGGCTGGGTCAAAGAT","PEC-like_1","6"
"TGGCTGGGTTAGATGA","DCT_2","3"
"TGGCTGGTCGCTTAGA","DCT_1","2"
"TGGCTGGTCTTGAGAC","PEC-like_2","7"
"TGGGAAGAGTGCTGCC","TPC_3","4"
"TGGGAAGCACCCATGG","TPC_1","0"
"TGGGAAGGTAGGGTAC","DCT_2","3"
"TGGGAAGGTGAGTATA","DCT_1","2"
"TGGGAAGTCCTTCAAT","TPC_2","1"
"TGGGAAGTCGAGAGCA","TPC_3","4"
"TGGGAAGTCGCTTAGA","TPC_2","1"
"TGGGCGTAGCTAAGAT","DCT_1","2"
"TGGGCGTCAAACTGCT","DCT_2","3"
"TGGGCGTGTCGGATCC","TPC_1","0"
"TGGGCGTGTGGTCCGT","PEC-like_2","7"
"TGGGCGTTCCTAAGTG","PEC-like_1","6"
"TGGTTAGAGAGTCGGT","DCT_2","3"
"TGGTTAGCAGATTGCT","Prolif.TPC","5"
"TGGTTAGCATTGCGGC","DCT_1","2"
"TGGTTAGGTTATCACG","Prolif.TPC","5"
"TGGTTCCAGCTCCTCT","TPC_2","1"
"TGGTTCCCAGGGTATG","DCT_1","2"
"TGGTTCCTCTCACATT","Prolif.TPC","5"
"TGTATTCAGGTAGCCA","TPC_1","0"
"TGTATTCTCCTGCCAT","PEC-like_2","7"
"TGTCCCACAAGAAGAG","TPC_2","1"
"TGTCCCACACAGTCGC","DCT_1","2"
"TGTCCCACACCCATGG","DCT_1","2"
"TGTCCCACAGCTGCTG","DCT_2","3"
"TGTCCCAGTTGATTGC","Prolif.TPC","5"
"TGTGGTACATAAAGGT","TPC_2","1"
"TGTGGTAGTCTCTCGT","Prolif.TPC","5"
"TGTGGTATCTCCTATA","DCT_2","3"
"TGTGGTATCTGGAGCC","DCT_1","2"
"TGTGTTTAGCTATGCT","DCT_1","2"
"TGTGTTTAGGACAGCT","DCT_1","2"
"TGTGTTTAGTTCGATC","DCT_2","3"
"TGTGTTTCACAAGTAA","TPC_2","1"
"TGTGTTTCACTTACGA","DCT_2","3"
"TGTGTTTCAGCGTCCA","Prolif.TPC","5"
"TGTGTTTGTAGGACAC","Prolif.TPC","5"
"TGTGTTTGTGAGGGAG","TPC_1","0"
"TGTTCCGAGATGCCTT","Prolif.TPC","5"
"TGTTCCGAGGCCGAAT","TPC_2","1"
"TGTTCCGCAGCTGCTG","Prolif.TPC","5"
"TGTTCCGGTTGATTCG","TPC_2","1"
"TTAACTCAGGCAGTCA","Prolif.TPC","5"
"TTAGGACAGTGAATTG","TPC_1","0"
"TTAGGACGTCTAAACC","TPC_2","1"
"TTAGGACTCACCCGAG","PEC-like_1","6"
"TTAGGACTCCTCAACC","TPC_1","0"
"TTAGGCAAGACAAGCC","TPC_1","0"
"TTAGGCACAAGCTGTT","TPC_1","0"
"TTAGGCAGTCCAACTA","DCT_2","3"
"TTAGGCATCAAAGACA","TPC_1","0"
"TTAGGCATCATGTAGC","TPC_1","0"
"TTAGTTCAGAGACTTA","Prolif.TPC","5"
"TTAGTTCCAGTGAGTG","DCT_2","3"
"TTAGTTCGTCTGCAAT","DCT_2","3"
"TTAGTTCGTGTAAGTA","TPC_2","1"
"TTAGTTCTCCGTCAAA","TPC_1","0"
"TTAGTTCTCGGAAACG","TPC_1","0"
"TTATGCTAGGCATTGG","DCT_1","2"
"TTATGCTCACCATGTA","TPC_2","1"
"TTATGCTGTACAGTTC","DCT_1","2"
"TTATGCTGTCTCTTTA","TPC_1","0"
"TTATGCTGTTGATTCG","TPC_1","0"
"TTATGCTTCTGGCGTG","TPC_1","0"
"TTCCCAGCAAACCTAC","DCT_2","3"
"TTCCCAGGTACAGCAG","DCT_1","2"
"TTCCCAGGTGCAGACA","TPC_1","0"
"TTCCCAGTCAATACCG","TPC_2","1"
"TTCCCAGTCTGAGTGT","DCT_2","3"
"TTCGAAGAGCGCCTCA","Prolif.TPC","5"
"TTCGAAGAGTGTTGAA","DCT_1","2"
"TTCGAAGCAATAACGA","DCT_2","3"
"TTCGAAGCACGAAGCA","TPC_3","4"
"TTCGGTCAGAAGATTC","TPC_1","0"
"TTCGGTCCAGCTGTTA","DCT_2","3"
"TTCGGTCGTAAGGATT","TPC_1","0"
"TTCGGTCTCATTTGGG","Prolif.TPC","5"
"TTCGGTCTCGAGAACG","TPC_1","0"
"TTCTACAAGCGAAGGG","TPC_1","0"
"TTCTACAAGGGTCTCC","PEC-like_1","6"
"TTCTACACAAGTCTGT","DCT_2","3"
"TTCTACACACAGGCCT","TPC_1","0"
"TTCTACACAGCCAATT","DCT_1","2"
"TTCTACAGTGCTAGCC","DCT_1","2"
"TTCTACAGTTCAGTAC","Prolif.TPC","5"
"TTCTACATCCAATGGT","DCT_1","2"
"TTCTACATCGCAGGCT","DCT_2","3"
"TTCTACATCTCTGAGA","TPC_1","0"
"TTCTACATCTTACCTA","TPC_2","1"
"TTCTCAAAGAATGTTG","DCT_2","3"
"TTCTCAAGTAGCCTCG","TPC_2","1"
"TTCTCAAGTTTGACAC","DCT_1","2"
"TTCTCAATCCACGTGG","Prolif.TPC","5"
"TTCTCAATCTAGCACA","TPC_2","1"
"TTCTCCTAGCTAGCCC","TPC_1","0"
"TTCTCCTCAATTCCTT","DCT_1","2"
"TTCTCCTGTTCATGGT","TPC_2","1"
"TTCTCCTGTTGTTTGG","DCT_2","3"
"TTCTCCTTCTCGGACG","TPC_1","0"
"TTCTCCTTCTTGAGAC","DCT_1","2"
"TTCTTAGAGGCCCGTT","TPC_2","1"
"TTCTTAGGTCTTCGTC","TPC_1","0"
"TTGAACGAGAGTTGGC","TPC_3","4"
"TTGAACGAGGATTCGG","DCT_1","2"
"TTGAACGTCCACTCCA","DCT_1","2"
"TTGACTTAGCTAAGAT","TPC_3","4"
"TTGACTTAGGAGTTGC","TPC_2","1"
"TTGCCGTAGCAAATCA","TPC_2","1"
"TTGCCGTCACAGACTT","Prolif.TPC","5"
"TTGCCGTCACTTGGAT","TPC_3","4"
"TTGCCGTGTAGCTAAA","TPC_2","1"
"TTGCCGTTCAGATAAG","TPC_2","1"
"TTGCCGTTCCTCAACC","TPC_2","1"
"TTGCGTCAGCGACGTA","TPC_1","0"
"TTGCGTCAGTGACATA","TPC_1","0"
"TTGCGTCCAAGTCATC","PEC-like_2","7"
"TTGCGTCCACGACGAA","TPC_2","1"
"TTGCGTCCAGGGTACA","Prolif.TPC","5"
"TTGCGTCCAGTCACTA","TPC_2","1"
"TTGCGTCGTCATTAGC","DCT_2","3"
"TTGCGTCGTGAAATCA","DCT_2","3"
"TTGGAACAGAAGATTC","TPC_2","1"
"TTGGAACAGACGCTTT","TPC_1","0"
"TTGGAACCAATCCGAT","PEC-like_1","6"
"TTGGAACGTAAGTTCC","DCT_2","3"
"TTGGAACGTACCGTTA","TPC_3","4"
"TTGGAACGTCTGCCAG","DCT_2","3"
"TTGGAACGTCTTCTCG","TPC_1","0"
"TTGGAACTCCCAAGAT","DCT_2","3"
"TTGGCAAAGGCAAAGA","TPC_1","0"
"TTGGCAACATCGGACC","DCT_2","3"
"TTGGCAAGTACATCCA","TPC_2","1"
"TTGGCAAGTACGCTGC","Prolif.TPC","5"
"TTGTAGGAGCGGCTTC","TPC_1","0"
"TTGTAGGAGTCGTTTG","TPC_1","0"
"TTGTAGGCAATGCCAT","DCT_2","3"
"TTGTAGGCATACCATG","DCT_1","2"
"TTGTAGGTCTGTACGA","TPC_1","0"
"TTGTAGGTCTTAGAGC","TPC_1","0"
"TTTACTGAGACAAAGG","TPC_3","4"
"TTTACTGAGAGGTTGC","DCT_1","2"
"TTTACTGAGCTATGCT","TPC_3","4"
"TTTACTGCAGCCTTGG","DCT_1","2"
"TTTACTGCAGTGAGTG","TPC_3","4"
"TTTACTGGTACCATCA","DCT_1","2"
"TTTACTGTCTTGCAAG","TPC_1","0"
"TTTATGCAGAATAGGG","TPC_2","1"
"TTTATGCGTAAACCTC","DCT_1","2"
"TTTATGCTCTTGAGAC","PEC-like_1","6"
"TTTCCTCGTGCCTGCA","TPC_2","1"
"TTTCCTCTCATCGGAT","DCT_1","2"
"TTTGCGCAGCTACCGC","TPC_1","0"
"TTTGCGCAGTACCGGA","Prolif.TPC","5"
"TTTGCGCAGTGTCTCA","DCT_2","3"
"TTTGCGCGTCTCTCTG","DCT_2","3"
"TTTGCGCTCACGATGT","DCT_2","3"
"TTTGGTTAGCAGGCTA","TPC_3","4"
"TTTGGTTAGCTGTCTA","DCT_1","2"
"TTTGGTTCATGGATGG","PEC-like_2","7"
"TTTGGTTCATTCTTAC","DCT_1","2"
"TTTGTCAGTAACGTTC","TPC_3","4"
